,id,prediction
0,c6d58c3f69,2
1,cefcc82292,1
2,e98005252c,0
3,58518c10ba,1
4,c32b0d16df,1
5,aa2510d454,1
6,865d1c7b16,1
7,a16f7ed56b,0
8,6d9fa191e6,1
9,c156e8fed5,0
10,f11f1ffffe,0
11,d41b559e9f,2
12,40a9b0f08e,0
13,d8f3da717a,2
14,126e3cfa1b,0
15,4e9266e800,1
16,6aed8d36c4,1
17,25208d6ba0,0
18,e2e9ac7c0e,1
19,ba081d77e9,2
20,736398e1c2,1
21,195bf91d47,1
22,1560d0a5ef,1
23,9ac4a418ea,1
24,fe8a09a5e0,2
25,47febf64b9,2
26,c02c110caa,0
27,ecc46e6843,1
28,11bfd51cef,1
29,c140c2dbe4,1
30,f43526bc93,2
31,101e77ae70,1
32,271a1da97e,1
33,ea0b9c3bef,2
34,0802a0f669,1
35,ab63216ae6,2
36,23c3a73fc6,1
37,985d338ef8,0
38,6f6c6fea9d,0
39,c2664ed75b,0
40,a956661b91,2
41,0e3e5e73c6,2
42,1ab8fd34c1,1
43,8117fa2533,2
44,8916c42b8d,0
45,c65868964b,1
46,d81aac106b,1
47,f677445cdb,1
48,10805bf82e,2
49,206acf3c75,2
50,9721cfb6ef,0
51,fd8926ffaa,0
52,530597e45b,1
53,90e8e71f2a,2
54,95afbb828a,2
55,4168cf9885,0
56,ebe9ea1ecb,2
57,868ca44474,0
58,082942d779,1
59,a3a051aa28,1
60,d1610260dd,0
61,2f7e0f9f3d,2
62,4d37dcc165,0
63,dbb048e569,1
64,560dfbf473,0
65,eabb83cb0c,0
66,81dbac155f,2
67,01874127e0,2
68,324a4f0da0,1
69,a0b1eeb830,0
70,914b530757,1
71,f469087306,1
72,89c44454bb,0
73,01699b0a8c,2
74,c148198cdc,0
75,ea68ca4d71,2
76,83d32253ff,2
77,f2ce237405,2
78,a357a4c329,0
79,e7ca02b50f,1
80,c342fd39ac,2
81,979182c092,2
82,408628f5b2,2
83,828b2dc89f,0
84,0abb490273,0
85,479c4ad2a4,1
86,923e58ba4a,1
87,c00048993c,2
88,0fbe18afe1,2
89,07f3f542b2,2
90,981c6f5c15,1
91,4acb0d0a7f,0
92,b31af3320b,2
93,fda0623fa0,0
94,7c94437b29,0
95,0540817ced,2
96,740c34dec2,0
97,f25d51d911,2
98,d64a31ab7d,2
99,0407d5179a,1
100,7c76ea83c6,1
101,159528bbfd,0
102,f0e07080aa,2
103,6499d4440e,2
104,15265af8f0,0
105,9c0b597928,0
106,033527da61,0
107,8e3b08c730,1
108,48efbfd63b,1
109,c0df00a780,2
110,5e71fd08db,2
111,f77a7c7667,2
112,be5bd6ee12,2
113,c4c5a04a19,1
114,cca0f4d671,1
115,a653810d2a,1
116,6c6c2a0a50,2
117,11a8bb1532,0
118,d670f34bde,2
119,76f97a920d,1
120,8788719e7c,0
121,335c1cafdc,1
122,65913a9534,2
123,a60fe1058c,0
124,053cd47aa3,0
125,00a76a81a2,0
126,b93041378a,0
127,f93367edb3,1
128,8153e32f1e,1
129,3f3579f61d,1
130,454d5e0a59,2
131,f7bf792d7d,1
132,9226c99298,1
133,fe7d510298,0
134,bd4ebcf1d4,1
135,07f3fb3328,1
136,f9eaae9673,2
137,ae5cd61d9e,1
138,18bdd19ffe,2
139,1d28db6c9a,0
140,2089d1b0a3,0
141,be6a9c798d,2
142,da58d362b3,2
143,1d8c467a0e,2
144,87f34a926f,2
145,4cc4b73580,0
146,b88327cf5b,1
147,55524b68b4,2
148,03347a5a80,0
149,53e3593eba,0
150,e2ab186e45,0
151,8d6c49b649,1
152,f9ee50f08d,2
153,12051e5659,1
154,2a7c348845,0
155,797f109096,1
156,70a495721e,1
157,bad35724ac,0
158,f053d7735d,0
159,3781e644a0,1
160,843ccc3492,2
161,c58d2374af,2
162,b181ef0986,1
163,1d3427a65a,2
164,840788ea6a,2
165,0ce3931a1c,0
166,747ea4221b,2
167,dde8c2d337,1
168,95081db694,0
169,1caffb4201,1
170,f866706944,1
171,f19b1bc464,0
172,c6db2b8b0c,2
173,26d56f81b4,2
174,c2a62c0dee,1
175,25c236e70e,1
176,cd41b8b517,1
177,b269007b0b,0
178,8d64740fa8,2
179,47228d065b,2
180,90e1e6624a,0
181,8169b51f9e,1
182,9eba5bd185,1
183,4ee92d7452,0
184,bcf23acd14,0
185,8c96cebc94,0
186,4c55f116ea,2
187,29dd44f180,2
188,142d1e90d0,0
189,0705b5fcae,0
190,965aead0f9,0
191,72125071d3,2
192,65da1f45bb,1
193,6ad61c560b,2
194,d947ed7814,2
195,d3226effb4,2
196,9367bcb2e8,0
197,b036a02689,0
198,fd61e08443,1
199,95d51b25de,1
200,df02edf84e,0
201,0f370e8a5f,0
202,12ee491f0d,0
203,1bf54d8e18,1
204,54c381f8e9,0
205,b5d8670f78,0
206,604706577e,0
207,0cd9abb439,0
208,95718541d6,2
209,9d814fe78e,1
210,3be2fd98ba,0
211,208a5d2050,1
212,76e3102a71,2
213,9d6527cc05,1
214,7fb0ee0d7a,0
215,65c613b740,0
216,f80e1d3d09,0
217,1cdd43743c,0
218,fdae4cee12,0
219,62a4b25585,1
220,14429beca3,1
221,a2e2b87de9,0
222,e2c0e188fa,0
223,461c7c397b,1
224,3fc843810d,2
225,12ddf600bd,0
226,f0d46f4c2e,2
227,c2f4d5ff32,1
228,84ee3d2e82,0
229,e7119958d5,0
230,00deb39e72,0
231,7d491168a8,1
232,3348ea4471,1
233,a6b617e4ec,1
234,db4d66d4ed,1
235,ed35c4682f,1
236,c53f0b10e5,0
237,ba6b8d322d,1
238,347add9c22,0
239,ecf1e13d6f,1
240,8063b75d3a,1
241,5a00124a20,0
242,fc60e7b8c6,0
243,c462ed131d,0
244,6a7ef38baa,2
245,809cbcd2c7,1
246,c958369a67,1
247,47bc9c35fb,1
248,c02fb02d31,2
249,e664502768,1
250,33f66aef6d,2
251,e1fcae2570,1
252,75681556cf,2
253,fb11c058a3,0
254,4342a8ec3e,1
255,189c1ba5c7,2
256,1d4162343e,0
257,f8a1864661,0
258,caba2b13fc,0
259,0d0599b8cd,2
260,6259c31e5c,2
261,e30eaf05a9,1
262,cdb29e66fc,2
263,03a160ae89,1
264,149afaad0b,0
265,9d5003f950,0
266,0e22b9ff4e,1
267,57ee711d64,0
268,c339b960ec,0
269,7c092eac9f,1
270,406ac9b8f2,0
271,c0bed218c7,1
272,35ac0316be,0
273,d2bbccf980,0
274,03cd2b5f22,0
275,e3b53c72eb,1
276,d3ccf6dfd9,0
277,87934bc95e,1
278,3cac6e57e9,1
279,93060f14b3,1
280,7c09327384,2
281,481db0dba8,1
282,b536154ef2,2
283,12d9af5851,1
284,a22b51c68a,1
285,90cf466a22,0
286,42c14a7720,0
287,f709d445c7,1
288,65b6969f49,0
289,cd5bbc1375,2
290,10ffd2f59d,2
291,c542bdf203,0
292,6925bfc016,1
293,2d1cf74e73,0
294,8a6b65d66b,1
295,dc54a17194,1
296,432f50113b,2
297,89de0d762e,2
298,c2c2e7e4d9,1
299,37c98de879,0
300,3cfb9f976c,0
301,353477011e,1
302,0aa1ad5671,0
303,7aadc0a325,1
304,4e6a3ec2ef,0
305,16f6384111,1
306,c6417affe5,2
307,c90dc99832,1
308,1537d937c6,2
309,5ece7b23f9,0
310,f5d74be419,1
311,ea853858d4,0
312,0f8f59d99d,0
313,7514593f83,1
314,dfc56f7f62,2
315,91f394f1ac,1
316,1b6d8059a3,1
317,bca8a1a0ed,1
318,031f008818,0
319,4dc56b7910,1
320,914a17e8de,1
321,783c430d8f,1
322,b23b093d7c,0
323,4f19012f56,2
324,d96539f529,0
325,83e7d866fb,1
326,66cbd2334d,1
327,c3e2152e63,1
328,c63e2b490d,1
329,34d7a9ce14,0
330,e52eb343f0,1
331,0d6d19b396,1
332,124ecdce1f,0
333,703687704e,0
334,8b866caa4c,1
335,078c91dd49,2
336,c34863c1f4,2
337,689d2f8de8,1
338,7bb1bde56f,2
339,83d5846a78,1
340,41b983b4d1,1
341,2bd34f85fa,2
342,fd07fcd604,1
343,e048bad76d,0
344,5616b0de03,1
345,a6f72cb779,1
346,5cdf5bdab5,2
347,337a8b498a,1
348,2c9cd1897c,0
349,ba181a14a1,0
350,3bc75dcbfe,1
351,4aa0dbc350,0
352,917cf0a8bd,0
353,44e8b76070,2
354,76ba85a8bc,1
355,e8e0fa6bbe,2
356,9e17041953,2
357,de5657b6e0,1
358,9315a61348,1
359,bc3f779ec3,2
360,8fe4e9eafb,0
361,06e4ac75cc,1
362,88747bd1f9,1
363,e8111d3288,0
364,24e79c62eb,1
365,67d570bba4,2
366,0dab581af9,1
367,45a5841a95,2
368,a90bce8aef,0
369,38832dee1f,2
370,ca7ffc8127,0
371,7c2018c1ad,2
372,266c820897,0
373,423bf8baba,0
374,f78d8aa200,2
375,f1ac71618e,0
376,be4527f31f,0
377,d476ddd84f,1
378,1352334107,1
379,b87b3c62be,2
380,d04807e35a,1
381,0b6d8b0ce3,1
382,11848b8adc,2
383,c1d2d71c3c,1
384,dcead0671f,2
385,6b3f8b8e6d,0
386,605bc369ba,0
387,c492fd9389,0
388,4c416360ce,0
389,cc33756000,0
390,e9b0295030,2
391,76f33c5d6e,2
392,9b9ea6999b,1
393,ef61253e19,0
394,8a7f1c871e,0
395,e6fd31f642,1
396,3d7e2abded,2
397,9729696edc,2
398,e42cd23ed8,0
399,e6613a6ada,1
400,4e5cfee380,0
401,4148328322,0
402,7b815a02ea,1
403,44ae0c067a,0
404,95641818fa,0
405,67fce3ce02,0
406,9ec72fe18e,1
407,a02bada17a,2
408,2f6fcf5e4d,0
409,b3b5e091b5,2
410,668624f71b,2
411,4a5f68fd43,1
412,09cc2949e5,2
413,42f9957b5f,2
414,87e5101b51,2
415,be36bf7462,0
416,4a11baadd8,2
417,e0bc749255,2
418,883e22410d,2
419,70e19e33f7,0
420,196200def8,2
421,f8fd92a3af,2
422,bb4a8285f0,0
423,fd776936fe,1
424,6ee09755a2,0
425,d5ebd4785e,2
426,f50d8e5f2c,1
427,42e5e90931,0
428,d320e854b8,1
429,05129bb42c,2
430,0261226cde,2
431,e2334865f6,1
432,615b0c07b5,0
433,511a6763fb,2
434,775ff946b4,2
435,be5b734eeb,2
436,9da855fc99,0
437,94d218da47,1
438,484a05a1b7,0
439,912208c6f4,1
440,bf8e86c31d,2
441,8695683532,1
442,945967e7e2,0
443,f9d623e8ea,1
444,95bfb82dfa,0
445,81d046c389,1
446,f1a4517f21,1
447,377eba8724,1
448,0503644693,1
449,f74b4be740,1
450,829a74666b,2
451,34c3220ee5,1
452,e60ee72e52,0
453,d1e44887f9,2
454,3ef8a6e093,2
455,e8b3230b0c,1
456,cbcd3d9622,1
457,54a5219173,1
458,acdc565a50,1
459,97117849d2,2
460,de0a45fec1,0
461,44a858d12e,1
462,b16874537e,2
463,0f0a90948b,0
464,9b398e480d,1
465,f8cdec204e,0
466,1d9483ee28,2
467,4cdeea9cf3,1
468,14b9b9272e,0
469,6c045c4d23,2
470,816d53bd41,0
471,42168df05a,2
472,f3c7185a77,1
473,1bde710cf9,2
474,a382b153a3,2
475,269fba99fa,0
476,4fbb1086ff,2
477,7f459fe1db,2
478,2253263227,0
479,68acec71e2,1
480,269151a160,1
481,80d2e72419,0
482,f8274f586e,2
483,91bfe3daf7,0
484,ab04aa6fa1,1
485,a7008c7c59,0
486,dc4bd47b99,2
487,46976518e1,0
488,56224914c3,0
489,4e5ba4e2a0,0
490,3a699ec0db,0
491,20459e1397,2
492,0238043528,1
493,3759ca0204,1
494,233dfba319,2
495,ddadfa3ef5,1
496,bed7eed97a,1
497,474ead0fc7,0
498,147dc077ea,2
499,ae793b07c9,1
500,e37b3dff93,2
501,f3ca30b42a,2
502,19c159954d,0
503,4970743963,1
504,35ee1973ea,0
505,534faefdcc,2
506,e04c6f778f,1
507,f55ba7c41b,2
508,e63f86e423,1
509,3358d94f20,2
510,47ec7618f5,2
511,e8a3a11696,0
512,56c12fc7f5,0
513,1bffd89128,2
514,784468420b,2
515,4c600c679e,2
516,4d5954fd87,0
517,122d64aa17,0
518,0a2166af91,1
519,ae5a0b4501,2
520,7f36835064,1
521,cd03088aa8,0
522,7948243739,0
523,c967229ff8,1
524,c503c71faa,1
525,8f12b62fcf,1
526,a5fb88b476,1
527,ff014d2731,1
528,c2ab7e0d4e,1
529,111f0f206c,1
530,cb312d2d4e,1
531,4eaf5e1233,1
532,7c7c6e4960,1
533,40999e269d,1
534,a7bb0cf428,1
535,b7d51414b9,1
536,04c7237a30,1
537,74d3182706,0
538,1679f5ccc4,1
539,0b118b04c2,1
540,041ecd4b18,0
541,126987ba25,1
542,b82b4f6fe0,2
543,fe0ce2d412,2
544,bb26302f60,0
545,1b93b7bf0a,0
546,5ce1b35613,0
547,f2955735f8,0
548,9b0eec1536,0
549,f69894b07b,1
550,78a0994fc2,0
551,75caf8bed0,1
552,f5ebf408a1,1
553,b3614435f9,2
554,d6ccdc92f4,2
555,a2a21a2671,0
556,420eba7f83,1
557,13b3624406,0
558,652956afeb,2
559,6974ef01ea,1
560,f9b76f5789,0
561,ab48ab7772,1
562,c112c039c4,2
563,0e458015ea,2
564,4d1f77f67d,1
565,ed7a78496f,2
566,6f62de7b8f,1
567,8f960fdcb7,1
568,92dfa3590f,0
569,2de87aa3a8,1
570,22c59c5cfc,2
571,60dfdf9bf1,1
572,9708a04e6a,1
573,c00a43b67c,0
574,627fff934e,1
575,a95c86d303,1
576,4364b442d9,0
577,1de317dd96,1
578,9e5700e149,2
579,6b0042e99a,1
580,9c5773d895,1
581,fdb0422f04,0
582,414ebceb29,1
583,365aeadef7,0
584,4f7042686d,1
585,32d5fd64c3,2
586,09539f72be,1
587,d3f804fc6e,2
588,83cb4a2bfc,1
589,ed96a83704,1
590,bdc1cd48b6,0
591,b98603702e,0
592,9db52a5acc,0
593,5e797282a3,2
594,6caa0dccda,1
595,ff33442350,2
596,c9fccc4123,1
597,036d595d55,1
598,43f846ff5e,2
599,fb557072c3,2
600,6fd8b1ef3d,1
601,a7e9b32755,0
602,71631765ca,0
603,0848d6d3fb,2
604,43650984f0,1
605,266b1ce7d0,1
606,7b5f42b267,0
607,ea1c26c45e,2
608,e1fa3f2c5f,1
609,4d1017a2ff,0
610,0aacff4d03,2
611,588a39236b,1
612,52ed4e0f76,2
613,7414caa86e,2
614,eb77e2e939,0
615,c74b15bdb5,1
616,57dae09a2b,0
617,fe1cab16e6,0
618,249446d4ba,2
619,58eb2b6f0b,2
620,7fb8126947,2
621,e10f1fd8f4,1
622,d59c6e64a3,0
623,72bcca47a9,1
624,9dddec3c8b,0
625,93865426ff,1
626,1445eb93ee,1
627,d15227376c,0
628,663f493043,1
629,d9b2ab1b77,1
630,d86417a723,2
631,a915b86890,1
632,dbc93c21ee,2
633,75465ab0ca,2
634,93bef37be9,0
635,a52d8cf1d3,0
636,9321efc8e8,1
637,d34c1f5bd9,1
638,bc73ce64e9,0
639,7b3cce7358,2
640,d6b68e7dd3,0
641,77ae8408da,2
642,11bc5f33e0,2
643,dde0667ef8,1
644,5825f588c5,0
645,e56d273097,2
646,6b3d384bc5,1
647,a026369f08,2
648,40a3f973cc,1
649,db27467663,2
650,9bb50db463,2
651,66c33e81fc,2
652,7f5a0f2895,1
653,b753788227,1
654,d26aa6dd9a,0
655,8372aea853,0
656,844a1ad008,0
657,d15be1eb93,0
658,534bfcb5f0,1
659,932192c160,2
660,c72e9bac78,1
661,bde03e9e8c,1
662,27eabe981d,1
663,f2e4bdee71,0
664,435ff1fb6e,0
665,f437e2979e,1
666,b0abb3036c,0
667,39401af82a,2
668,e595d6cd62,0
669,2c8380eb93,2
670,4270e65a11,1
671,763294db7b,0
672,7ef3de34fa,2
673,d9e8ebc2c0,1
674,98aadd5492,0
675,270d6f4974,2
676,5cec2e326a,0
677,2a051805cd,0
678,274e45fcc6,1
679,f75f7433cd,0
680,fa19f0e92e,2
681,b69f1278f6,0
682,7cd553fd2e,2
683,8958779065,2
684,c001208476,2
685,253147ad80,2
686,5a53f5f365,1
687,c1099d2a1c,2
688,b6e54baf69,1
689,05afc601ee,0
690,4436327e71,0
691,f76a9e11b8,2
692,6cc0b6c1f2,1
693,f266031231,0
694,eba80502bb,1
695,c9985f86e7,1
696,08c05e6bd7,1
697,7283e04bae,2
698,0e3ba07eea,2
699,7f4b3cc834,2
700,0ce48f9fc1,2
701,6581dea2d1,0
702,236ba027a8,2
703,dbd2597c7f,0
704,e47db528c6,2
705,9adf74cf1e,0
706,8ff6c43fcd,2
707,57f432ce15,2
708,df4fb6021c,1
709,8ac36799b8,2
710,a70d816f85,1
711,13fa65170f,1
712,edad2f8a97,2
713,27378df24c,2
714,40f39aeea8,0
715,6ae08b5308,1
716,db19071cad,0
717,e05577d4db,1
718,7675cabd51,1
719,df0de36fa8,1
720,a474441102,2
721,5482399b0f,1
722,f4409dcabd,1
723,a50316f36a,2
724,7f84d2a376,0
725,3ef7854cba,1
726,1572e921f2,2
727,30eba84835,2
728,e7b99bb758,0
729,5ac8055053,1
730,ec3f4daf54,2
731,7ba5cbf49a,0
732,37d65d7cb2,1
733,d5c49e4429,1
734,e5dd31ec29,2
735,3148feac93,1
736,3aeba1c7aa,1
737,86067a9824,1
738,a8220a6b1c,0
739,78530fb908,1
740,bd90925901,2
741,f64c4ee971,2
742,b71883f8f9,2
743,c7090ebabc,1
744,013ad01696,2
745,3df7ad0899,2
746,4712c33746,0
747,b089bb6fcd,1
748,6eb46a1423,2
749,78137312e8,1
750,02abfc2d4e,2
751,8b73de4474,2
752,c5f05c6568,2
753,76973236e6,0
754,8727b5f7c0,1
755,d23a3c8eab,1
756,6667decd77,0
757,c1a2e8b289,2
758,9238157a3f,0
759,1ecd0f4b2d,1
760,0493ee98c0,0
761,7cdd110905,0
762,3f6e39bbf9,2
763,fcfa1d9cc0,2
764,a134ebdd73,2
765,7316ed4800,2
766,73d11612c8,1
767,30f170c50a,1
768,2ff2ec175a,2
769,e5045cf516,2
770,a63ba8e83a,2
771,e8989af644,1
772,a740390b6d,1
773,7ca64e3b68,2
774,574e3f237e,2
775,0464cc19a9,0
776,0b482a01d1,2
777,a03c1e96b3,1
778,cb0a6d5b4b,2
779,98e22227e9,1
780,cbb169079d,1
781,d4bc837116,1
782,996e4bc560,2
783,5d0eef7077,2
784,f31a1f7fbc,1
785,ea40bcad6a,1
786,1d5537c166,2
787,64409160b4,0
788,1dd8ad27bc,1
789,0aa1b25d03,0
790,f38ea7a623,1
791,ccb1bbc36b,1
792,00324e1642,1
793,68836609ea,1
794,94369a319a,2
795,f27aa5f315,2
796,fe0a8ce6b2,2
797,89c64d9ae7,0
798,b8c8cded72,2
799,fdd2f1c9a1,0
800,3ace2b0bdc,1
801,727052643b,1
802,24a359b476,1
803,68129093c0,0
804,ee9e697061,1
805,3dcb6babbe,0
806,3cb6939939,1
807,99edf6e21f,0
808,210e553d20,1
809,fa364eaeb7,0
810,33610ea056,2
811,d7e7a28eaa,2
812,767c5c9dc7,1
813,e668bed125,1
814,a8a68fbbf3,0
815,8585ed1da7,1
816,f5d25cb32a,2
817,2bb8ecab42,1
818,9c14d892d8,0
819,434b9a3322,2
820,43b73428ca,0
821,7a99d5c716,1
822,982f42fdc2,1
823,916ed4ae8f,2
824,4739b265ff,2
825,228b8ff33c,0
826,da87ec3383,2
827,b7b7d8b62c,2
828,3d17f5ed9e,0
829,758cc04b63,2
830,a6b6cf39ea,1
831,45f7672a17,1
832,05fe214237,1
833,52bc1483e3,1
834,f6a6eba9e9,1
835,0db74c840a,1
836,2ba9fbf1e3,2
837,82294f6074,2
838,025eee3634,1
839,8c066004fb,1
840,8eb3c769e7,0
841,24ecbf79c0,0
842,e4969603d6,0
843,64a21d86ad,1
844,aebb6209ce,0
845,5f429f55bd,2
846,50290cfa55,0
847,4b90b4c94f,0
848,78df34ff37,1
849,87887ff85c,1
850,4df354a460,0
851,5f27be0631,2
852,4e39cfdb50,0
853,19f698eb28,0
854,5eca7e2648,0
855,33588680b0,1
856,ddf43d1e76,0
857,ebfd45fd1c,1
858,b97d576fe2,2
859,1fae0c4805,2
860,95859ece13,0
861,e6b1502b9e,2
862,1f6fa81620,0
863,dddbe88578,1
864,3bc6066bc0,0
865,9c532bcc17,0
866,3100384761,2
867,1aa7d03348,0
868,cfa1dd75de,0
869,4e3bb46426,1
870,1b2defc5da,1
871,c517391953,0
872,a106d34c33,0
873,9a797e767a,2
874,820c22078b,0
875,afb4464e72,2
876,b4031b791b,1
877,7cf240567c,1
878,6434a283cb,0
879,8c031e77dc,2
880,299a93b6d9,0
881,853e8fbcb0,1
882,3e118113ee,1
883,3db2431f0b,2
884,89326f9c73,1
885,b361f81522,2
886,fb507c42a9,0
887,b86c0aab7a,1
888,2a29cd8d13,2
889,7902bc0ddf,1
890,7e13b7e61c,1
891,21f516aef1,2
892,bcddef541a,1
893,1c64f9f4ce,1
894,a5905d851e,0
895,11d175de1b,2
896,ebae73f2fb,1
897,15d5882b08,2
898,1031542257,0
899,e7ea7f9fd5,2
900,b237c99428,2
901,932f3832b1,0
902,f442d75e60,0
903,2de96f97db,0
904,8ab4e8e5e7,1
905,b02ff186e4,0
906,3835050a5b,0
907,d0ec1df738,0
908,441d6f6e2a,1
909,c50909159c,1
910,f588dd970f,0
911,bacb530c43,0
912,6762e46a92,0
913,7a69efd494,1
914,d93d4ddf40,1
915,679bc83f64,1
916,7f688aee60,1
917,36c47762e1,0
918,af140ee3e1,0
919,ce41c8eae1,1
920,ff47a2fb74,2
921,d02581f656,0
922,5d0de96a03,0
923,5f5d19cad6,1
924,e5d570c732,2
925,9d61121064,0
926,8284c37d6e,2
927,e24775fa35,1
928,3c28c77a3a,1
929,26a636e7de,2
930,22bcae9003,2
931,1d160db3e6,0
932,a1d62c59e3,1
933,064bff4f10,2
934,3e85db6c54,2
935,3713c89ec5,1
936,c45e9a277d,2
937,feaf248af5,1
938,a798b51026,1
939,ff1f3a729f,1
940,f2ca184e3c,2
941,de77edec79,2
942,a32d02490f,2
943,1be97b1868,1
944,24808e9794,1
945,cf77619517,2
946,5c75fcdcd2,2
947,3c3fa5ff07,1
948,1261f12d7d,1
949,940961f751,0
950,5b39cdadbb,0
951,58b49b869e,0
952,e6d0312edc,2
953,27471969a2,0
954,4cd1638df3,1
955,603e359f5b,0
956,baa13e0bd0,0
957,37bceead18,2
958,737f48d505,1
959,d321eab7a9,2
960,a71b60cdec,0
961,114325b164,2
962,782c37156c,2
963,dac78fa9eb,1
964,794927e57b,2
965,a4d2ab23e5,0
966,838466de9b,2
967,6140cfba0d,1
968,0124883f72,2
969,fe550a7c87,0
970,a79903d796,2
971,4335e36953,2
972,97cbbfc0c9,0
973,65db2106bb,1
974,bb0a1db625,1
975,0bc16aaf9a,2
976,245e6b1c92,2
977,d182b3737f,1
978,5faac8d4df,1
979,80c5f996ba,1
980,0320b16051,2
981,82313e6094,0
982,557ccb8935,0
983,305efd65a1,2
984,74d263f624,1
985,fd43ef7d5f,0
986,1f7d3d00d1,0
987,a3833020bf,2
988,d74fffc6bd,0
989,077fa501a3,0
990,85f7a89680,0
991,402dd272ae,2
992,36a3b34769,1
993,084c396a8c,2
994,319d9fc467,1
995,c6fb482711,1
996,bac9df3899,1
997,d0e22252e9,2
998,3f78f2cfd8,1
999,005ef62089,2
1000,ca62a7cb36,1
1001,2a660e42bb,1
1002,e22948f69d,2
1003,7df5daa3eb,0
1004,95296aa523,1
1005,3659d2cef0,0
1006,c0c3a38853,2
1007,5c4efbf85f,2
1008,0ddac53ad6,0
1009,75574ffe8e,1
1010,1137660493,0
1011,d7e0469a22,0
1012,7834ac8f9c,2
1013,a464e48a0b,2
1014,c723daada0,1
1015,46d8f079ef,1
1016,2a2da690d2,1
1017,8422fad145,1
1018,1b337ce265,0
1019,d843153cfa,1
1020,490f16dbcf,1
1021,0dd19d6ba8,1
1022,ff16e789d7,2
1023,7a85395d37,2
1024,c4c671d535,2
1025,d2355d60c8,1
1026,1fd2caee06,0
1027,5c20a4b95c,0
1028,33c6cf2f40,1
1029,d281d17eea,0
1030,9dadd2a0a4,0
1031,3d2776cc72,1
1032,0f66be3576,0
1033,557a24e8a5,0
1034,5bac792202,0
1035,dc182a31bc,1
1036,d7ce828413,1
1037,ee87a7ea00,2
1038,fb970bc991,2
1039,bb7b82dd38,0
1040,aaf83fcefb,2
1041,2164ea7b4e,0
1042,573929377e,1
1043,c6aad7c698,0
1044,09a206022d,2
1045,43b9e60df4,0
1046,438ed54499,0
1047,631b278ef3,1
1048,6da41f3ebc,1
1049,0ebb49c10e,0
1050,3ad7521f37,1
1051,f7bc9a7f0d,1
1052,135950c7c6,0
1053,73fc1731b9,2
1054,0ab7e85bd7,0
1055,c44faac871,2
1056,b7a348f52e,0
1057,6e5e1dd794,0
1058,77b4e167eb,1
1059,9edd9f3172,2
1060,b024bff5ef,2
1061,29fd79c9d7,2
1062,7dc2cc09db,0
1063,2345abea2c,1
1064,af0b95ae5f,0
1065,69ee11f557,2
1066,9128e324f8,1
1067,5bb178a611,1
1068,c3761f996b,0
1069,9caf7b0891,1
1070,a451a0116b,0
1071,c96cc1ed21,1
1072,b030c2e709,0
1073,fdc40f8a8d,2
1074,fa35bcae1b,0
1075,d7292643b8,1
1076,b86f82c825,2
1077,d4afa78626,1
1078,3cb22bfe35,0
1079,f42127d810,0
1080,42fa0ea428,2
1081,d6a5e5b173,2
1082,c087cd1138,1
1083,c8d8635b16,2
1084,a1578fbbd2,1
1085,4a46be839e,2
1086,585b14f5f4,1
1087,150dcef5b9,1
1088,837bbe1c6b,0
1089,06a4996736,0
1090,69d4c39973,0
1091,052bbabf01,1
1092,7d06ee917f,1
1093,d5eeb10f29,1
1094,565bcecd15,1
1095,00af9ce2ee,2
1096,34695c33d2,2
1097,210bf77fcf,2
1098,773eb8a5a6,2
1099,20c4bcfdb7,0
1100,d778941b47,1
1101,e13b3e087b,1
1102,299f8f1848,0
1103,aa980cfc3c,0
1104,23daac22d1,2
1105,0441855811,2
1106,d65219bf15,2
1107,68633fff24,1
1108,e3c506ce9d,2
1109,10af87b3e0,1
1110,b903eacf08,1
1111,4c25511e9a,0
1112,f2d9bb3ff7,0
1113,8bb8fe28cc,1
1114,9570e1d7a6,0
1115,089a8a7971,1
1116,34257fbe82,0
1117,2badc63390,1
1118,6b6558777e,1
1119,8f4b1aa65a,2
1120,627fdaa121,1
1121,ab131b64a1,1
1122,6427a64e9e,1
1123,6fe14ace92,1
1124,db7c3a3302,2
1125,c8f7f3f1c1,2
1126,13f059b5bf,0
1127,f9c38500af,1
1128,f1919b76c1,2
1129,1c686188e0,1
1130,5d80d521a4,1
1131,9d755c525c,1
1132,7dc4ddd8d7,2
1133,ff251d4c66,0
1134,f203ffcc02,0
1135,dec0bbc1e0,0
1136,5e3762f6ff,1
1137,e6be1f9eb4,1
1138,87db73e670,2
1139,33a3c86280,2
1140,f18e0755ee,1
1141,125edde804,2
1142,5fd3401fe0,0
1143,820f2e3fc3,0
1144,829ab3a440,1
1145,b087e4a191,1
1146,4318104b40,2
1147,e7b9b4c8e7,0
1148,2bfc050b98,2
1149,c147cdb785,2
1150,2a3a247d74,1
1151,97546487a6,2
1152,a965de0a6c,1
1153,3d3c02fc46,0
1154,d43f2eb30a,1
1155,197b282710,1
1156,7dae867602,0
1157,823bd3f723,0
1158,d1735653b8,2
1159,f3e1c5f85b,0
1160,29a71213f0,0
1161,67e2978fdb,0
1162,e6021e1122,0
1163,7bf7474166,2
1164,0aa43d6d49,0
1165,3d533da3c4,2
1166,053e6f86b6,1
1167,aaf7bb8b43,1
1168,3b00b15743,0
1169,7fdfc459d6,1
1170,a1acd762aa,1
1171,0691640ea0,2
1172,0e840ca37a,0
1173,b23624e707,1
1174,43bf42970b,2
1175,dcc548fdb7,2
1176,0b7752832c,0
1177,246e00e9b8,0
1178,24340b2b1b,1
1179,56d1f867aa,0
1180,e9325c5c2f,1
1181,15aa341387,2
1182,1ec477f753,1
1183,7ca2d2d09d,1
1184,5f4ad46699,1
1185,2afc26e93c,1
1186,468474f393,1
1187,1c3ca739a2,2
1188,d8aca8bbef,0
1189,919806021e,0
1190,5a52ef37fc,0
1191,249706763f,0
1192,cb87dafdfd,0
1193,63354da5e1,1
1194,a8c45c6f24,0
1195,dda70e02f6,2
1196,74236234ec,1
1197,d1f3213037,1
1198,99575386e2,1
1199,b049d0199f,0
1200,ff958d028b,2
1201,3262962c57,1
1202,0849ebb0ff,2
1203,bce58e5426,2
1204,33ef7e8ad4,0
1205,7f49d02422,2
1206,3c134fb1f2,1
1207,59f2951c42,2
1208,25c8939c1e,2
1209,69d04196b0,1
1210,6845b86f2b,0
1211,442ebf0fbb,1
1212,3024b80208,0
1213,178b1159b1,1
1214,717f023f95,2
1215,19ccefb8b9,2
1216,2d880d580d,2
1217,289062515f,1
1218,c53907201b,0
1219,775ee101bf,2
1220,a93d624724,0
1221,8fea770172,0
1222,36e5d73472,2
1223,6e39f23d27,1
1224,8205582339,1
1225,5a983c910f,0
1226,36517755c8,0
1227,c65c99a25c,2
1228,da15328d30,1
1229,5703c3dda3,2
1230,cf7be1104c,1
1231,41d29f6c13,1
1232,131cb3be04,2
1233,fc09fdf1e0,1
1234,6f09bf603d,1
1235,3ea28fdae3,0
1236,4e695210c5,0
1237,8b454db5bf,0
1238,d19f5ea583,2
1239,4d028c4c77,0
1240,092546fcc2,2
1241,3ba71b99f4,0
1242,0120906704,0
1243,880c0e1a21,0
1244,d61a9bea8e,0
1245,c89ecb79b6,0
1246,1ee9624eff,1
1247,985cfe6a3e,1
1248,2de44851a3,1
1249,57a7631ce5,0
1250,a5f12fbb4a,1
1251,3972db3d45,2
1252,dd1bd2c704,0
1253,bb2df19e68,1
1254,9e8f64714b,1
1255,05478b3b17,1
1256,f97d716421,0
1257,dbb042f710,2
1258,b92f532652,1
1259,c8b8c26151,0
1260,6242b45836,1
1261,0c6b86ace1,2
1262,973a858731,1
1263,b82ee4e71c,1
1264,273009901b,1
1265,cfa1e0952a,1
1266,cc5decccd8,2
1267,fbae9ec0cb,2
1268,5ff8564e86,0
1269,2cadcb29a1,1
1270,fc78d9bdc1,0
1271,c12bed2d58,0
1272,9e32e0acd3,2
1273,2cd0f9990d,2
1274,2f52148a84,1
1275,3e9bcb9a1f,2
1276,2db52d7e5a,1
1277,b5f255f582,2
1278,271b198fce,2
1279,0f2479b378,0
1280,5ecd7bd788,1
1281,45b7b5da84,0
1282,9d4ba55322,0
1283,090e67f3b3,2
1284,abf4797324,0
1285,0ff398d6f0,2
1286,60e74e7a02,2
1287,acaf915b03,1
1288,724cad9848,1
1289,4be18418a2,0
1290,d5b4f8d22f,2
1291,d1915a05f3,1
1292,7d02402353,0
1293,55a8ea7533,1
1294,a70b0c816f,2
1295,106517e884,1
1296,4f41c77382,1
1297,55d6d1d027,0
1298,1b59d97923,0
1299,4085540b8e,0
1300,5458221de2,0
1301,2f862a7a88,2
1302,015125ba9c,1
1303,31729daaf2,2
1304,6e1b609ff2,2
1305,1c1cdbd39b,1
1306,718edc03d1,0
1307,8685c7c226,2
1308,8b01a74178,0
1309,fb9c3c2f2f,2
1310,1e4487d9f5,1
1311,7cc5c6dbe8,2
1312,2591e84ca1,1
1313,02d756851b,2
1314,2d265964ce,2
1315,76f4ce0d56,0
1316,af13ee387d,0
1317,ca2f8bb441,0
1318,2e3047e86f,0
1319,fccc4a140c,0
1320,49328ab7fe,0
1321,0369e17f3e,2
1322,242e001793,2
1323,e2c35d774f,2
1324,bb8860e401,2
1325,9c3beedf2b,2
1326,fd3ca76ae3,0
1327,a9b8fdb137,1
1328,d01e50e2d7,2
1329,801daed5cf,0
1330,71b91da183,2
1331,64926d3e2b,0
1332,b6e7d8cf8e,2
1333,9c87055e64,1
1334,1631844bec,1
1335,4adf05923e,0
1336,5dd73015a8,0
1337,9cb3c10979,0
1338,b21f70e8f6,2
1339,54c4119beb,0
1340,5003bbd1af,1
1341,dec3d26623,2
1342,3f74e28f55,0
1343,590c8bcbee,1
1344,991f28613c,0
1345,60d48a140a,1
1346,3013eefd5f,0
1347,58bdf493a9,0
1348,0858aca32a,1
1349,4f41dab600,1
1350,c0f81d5532,1
1351,96e347af7f,1
1352,14e31dc2cc,2
1353,a43d78734a,2
1354,fcd42e9cd5,2
1355,2f4c94cf50,0
1356,fae2d2ca88,2
1357,54c49d31d2,0
1358,99f688ce62,1
1359,11d1dcc66a,1
1360,e763cd8a4b,2
1361,08c91426b9,2
1362,64d9e40c8f,0
1363,a6bc4b99e8,1
1364,84938cee65,2
1365,710efa3333,2
1366,c2b80bf44c,2
1367,6715d58483,1
1368,679f33cea2,1
1369,976f0b4a09,1
1370,9e35c6bbb6,1
1371,6be3af4e56,1
1372,fc02412485,0
1373,10c5d3c2a5,0
1374,31a6951d1d,1
1375,54bbf65f4b,1
1376,6bfdff72d0,0
1377,79a7d7093b,0
1378,56b164acb1,2
1379,4beda3291c,2
1380,793778f66a,1
1381,259df00bcf,0
1382,9a32d91657,2
1383,5e859e7b6b,1
1384,cb005d010e,2
1385,43499e8091,1
1386,9392f0340d,1
1387,f2e39cc682,0
1388,ba92df1d65,2
1389,3f9ececbd7,1
1390,c233e6f9e5,0
1391,491a7701b5,2
1392,df4fb019bf,0
1393,705fb96912,0
1394,2a35c820ef,2
1395,6556bc1d6a,1
1396,8af56a2ce5,1
1397,405c20751e,0
1398,cb46b23e18,2
1399,71fe506dc9,2
1400,19c411bbc6,0
1401,b89bdc0b52,1
1402,e590f1343c,2
1403,e139035115,2
1404,ecf1235c2b,1
1405,245d68cf07,1
1406,c6cb18b88c,1
1407,df71895905,0
1408,338e465331,1
1409,b3d4710cf9,1
1410,f9c68ebcb7,2
1411,46a8891d8d,2
1412,2eda0fd3ab,2
1413,a671e1390e,2
1414,f2373740e3,1
1415,177666a433,0
1416,b13042d6b3,0
1417,e63cc9def1,0
1418,5ffaccddd1,1
1419,16c2a4b941,0
1420,d0eb6054c9,1
1421,4842fec235,1
1422,3025783518,0
1423,ac330b5c14,1
1424,e38c741f1c,1
1425,98d1cacf88,0
1426,68f0625a48,2
1427,3de16f1492,1
1428,63d66667cc,1
1429,0cc652c753,0
1430,3503cb5847,2
1431,75b802ab04,0
1432,2dc415b7c3,1
1433,d4ad327462,2
1434,746d98d6fe,2
1435,87d4374d88,2
1436,302890260e,0
1437,989b92f441,2
1438,fd5c557853,1
1439,c055976cd2,1
1440,2b7d5b7438,2
1441,953069b130,2
1442,73afa6b5fd,0
1443,d4d4a8e8ed,1
1444,e0656d298f,0
1445,98f3dfe2aa,1
1446,16e9b62021,2
1447,72a0894598,1
1448,21cf457279,0
1449,9de69eec66,0
1450,e69f9f818e,1
1451,35d8a1810a,0
1452,43c5d86c8b,2
1453,d38d3b1c1f,2
1454,1375c30ffe,2
1455,e2dea4e393,0
1456,6b84e89a08,1
1457,0ecba48ce0,1
1458,7a759f2b1c,0
1459,78b64e5c7a,0
1460,e2a67177d4,2
1461,36d05b1dc1,1
1462,161487319e,0
1463,212adbe328,2
1464,b227aee39b,1
1465,4343be90db,2
1466,28a6907400,0
1467,6836179364,1
1468,ecae1c9648,1
1469,adf9002f61,2
1470,37a7c40c7f,0
1471,4e35acb0d0,1
1472,a78d1c2134,0
1473,7b77299259,1
1474,f4a08fe0dd,0
1475,1db75a2a55,1
1476,5d7c1608f0,0
1477,0f4908bf0e,1
1478,7d7b31c765,2
1479,b853aa8ddc,0
1480,ca5b533cac,0
1481,6d2cb2b604,1
1482,b80a4b52fe,0
1483,893a0d7ccb,2
1484,9d08887f37,1
1485,f0a29648db,0
1486,23a4904109,2
1487,6eda0923af,0
1488,a7bc7f40ef,0
1489,a733f7ff8d,1
1490,a0deaa4edf,0
1491,3d9c7e7666,0
1492,f0d4ab11d1,2
1493,2dc6af9fc3,2
1494,50ac754bdb,0
1495,654ba3a213,1
1496,238b28c2d3,0
1497,2686c730ef,0
1498,ba57d3ff22,1
1499,422d56e2eb,1
1500,a66045c50b,0
1501,aaf5a494b6,2
1502,50d530afa1,0
1503,79a79e8423,0
1504,b82b9f1e9f,2
1505,c1e17f4733,1
1506,04cbae6c67,2
1507,82124e744d,1
1508,8568b9c685,0
1509,d06b4efe79,1
1510,a17a6f7059,1
1511,c1dad95751,2
1512,4ab98dc00c,2
1513,6e350cd582,1
1514,dddbbb0193,1
1515,57cbd61c09,1
1516,37ee723a7e,1
1517,dd51f4192b,1
1518,edbc138e6d,2
1519,a1b247ebb2,1
1520,04c9c66e5b,0
1521,ca76e5a254,0
1522,1b4ac37341,0
1523,4c8cbbbf72,1
1524,8967c27c48,2
1525,151ee0fdd3,1
1526,008faf2cb8,0
1527,2a4bc3b351,1
1528,d1620642c8,2
1529,d9b1674cf4,1
1530,37f4b25f65,1
1531,f148a6805c,2
1532,4a0272c335,1
1533,a3c3fe90f3,0
1534,62cc917c6b,1
1535,8daca4f9fa,1
1536,034ee91af5,1
1537,264c0b45d7,2
1538,a44c9bf645,0
1539,09154cdb47,0
1540,0d6fa9af60,2
1541,3573d71829,2
1542,25ba01e2c3,2
1543,eaa1c8e1ab,1
1544,be521c99f2,2
1545,40f6c4ed25,1
1546,3e93ae4f78,1
1547,f0072645c0,1
1548,21ac0cf11c,0
1549,ae71915391,1
1550,ff05ada8b0,0
1551,7abeb9e466,1
1552,0ed11c71a5,1
1553,d8a16c4ed1,0
1554,7f8d09c015,0
1555,a6a9d4d7a8,2
1556,0c948d8251,0
1557,93394ac9df,0
1558,0e1177b3b2,1
1559,ac481ef387,0
1560,0d640c89c8,0
1561,7ce38fd782,1
1562,76b3eb1ed8,1
1563,15323812f8,2
1564,a0f215b341,1
1565,523de3957c,1
1566,79eb087542,0
1567,fabdadb2a1,1
1568,40388bef90,2
1569,14783f781e,2
1570,152f7a453a,2
1571,5f7fe3b3ca,0
1572,144c6808e1,0
1573,0ea45948fe,2
1574,d2cf85cca8,1
1575,0f1a21c51e,2
1576,8ab9fc3601,1
1577,43060d80d0,0
1578,d3ddb14d32,1
1579,ae8d411a1a,2
1580,75a3e08a87,0
1581,26568d0729,2
1582,ad794c4747,1
1583,64c60b8b49,1
1584,9c6be61e3f,2
1585,07ebb6e835,0
1586,060cc9939f,1
1587,c5549eb969,2
1588,f573181b18,0
1589,e37a1f378b,0
1590,d7145ffb1d,0
1591,6fbf8c82c5,0
1592,12f1ebfb89,1
1593,2a63aa1add,0
1594,2b61803639,1
1595,a08200915c,2
1596,aba42de974,0
1597,b169ee2797,0
1598,dd45af1025,1
1599,4de7919717,1
1600,01700092ed,0
1601,3a8e0389f0,1
1602,ac445228c3,2
1603,adfb9a4ecd,2
1604,e85c6750c9,0
1605,def7847d30,1
1606,aae5df7d32,1
1607,da67be0c30,0
1608,73672504b3,1
1609,993b4720c5,0
1610,8b84e7b914,1
1611,d8cd95ef9d,1
1612,86a415de5c,2
1613,1dcb961459,0
1614,331a10bc01,1
1615,59b708d54d,1
1616,e6d991c4c7,0
1617,6a39d3fca6,0
1618,f7510070c6,1
1619,09ed9c8368,2
1620,05cf4d7859,2
1621,dc9111a806,2
1622,dbec0e4176,0
1623,20baae7533,1
1624,cb59391a30,0
1625,f4425c80da,2
1626,fff8eb1ee3,2
1627,40eded248c,1
1628,ddaecf5b09,2
1629,e689082c7d,2
1630,0c7a83acad,1
1631,6b8ce47bf7,1
1632,a58c3bd999,0
1633,9d66209834,1
1634,caa1c31b0b,0
1635,772f83c711,0
1636,ef83acde21,0
1637,94419f67e7,0
1638,c736e94949,2
1639,0b50989f5e,1
1640,ad19a572cb,2
1641,062bd2d789,2
1642,7caa0317b5,2
1643,24b0e8ce7d,1
1644,d3405d681f,1
1645,b96d4c1bd4,2
1646,0d1648f444,1
1647,7278cfe4c6,0
1648,a1d5581fee,1
1649,3b7302816d,0
1650,526efac142,1
1651,3ad8cc68fe,0
1652,54c83ec733,0
1653,587d8fc9ce,0
1654,a208af31cc,0
1655,0a7d266142,0
1656,ffb28a4a4f,1
1657,9e52cbb90c,0
1658,3115e73a59,1
1659,c0521317ea,2
1660,4125db4e13,2
1661,d82560cd4a,1
1662,a04b0de7b3,1
1663,f8d4396145,1
1664,4c8cba334d,2
1665,a1440ab2a8,0
1666,4b6bb90cbc,2
1667,f51e8fa536,0
1668,684a6f1dab,1
1669,d80a46dada,0
1670,47f06ab37b,1
1671,74214e120a,1
1672,117378e34e,0
1673,03a8786a91,2
1674,3a345db8c9,2
1675,52a07543f2,0
1676,119a8c992a,0
1677,0778f35bd3,1
1678,c72d221521,1
1679,f21b1aafcf,2
1680,11cb6c0f11,1
1681,39efe43a11,1
1682,e761ec7037,2
1683,fb14da3f94,1
1684,b874715ca0,2
1685,293f6e432b,0
1686,49c95ba289,1
1687,5ec6d7cbf5,1
1688,c2d54c1c6f,0
1689,fbbd80ab04,0
1690,a0cd4cae72,1
1691,751f69321d,0
1692,e4d76adf9b,2
1693,73b3d99ff1,1
1694,a5ae8e91fd,1
1695,761afde3c4,1
1696,631fa9991f,2
1697,ed8ab864ab,2
1698,e0170b9447,1
1699,8ced3d2267,0
1700,6ea2fe4c4d,1
1701,8b0fe1216f,2
1702,5a4d4669a9,1
1703,df85bd0c1f,1
1704,b6d8be892a,1
1705,7596426dde,2
1706,9134a56b3c,2
1707,6088846840,0
1708,858099a3d8,1
1709,e57676b0ea,0
1710,13425ac5cd,1
1711,2c0713c4f5,1
1712,9d40dd2178,1
1713,2e90c3156f,0
1714,de49d40254,2
1715,10701cefdf,2
1716,ad18453f79,2
1717,6c69abd549,2
1718,eb8e81f4cc,0
1719,eafc6f232d,1
1720,278aa4f94d,1
1721,98e438da96,1
1722,d6fdb95e90,2
1723,c0dff2d0ec,0
1724,de9f29884b,1
1725,cbb16f5a52,0
1726,f974d5733d,1
1727,ee198def57,2
1728,633d682bc9,2
1729,7b0debed4e,1
1730,3fedcdddb5,1
1731,02b3ce8d37,0
1732,8ad358c7c7,1
1733,6f48462864,0
1734,11d698bb45,1
1735,577c80d2c7,0
1736,99d903bf24,1
1737,3dced3b57b,0
1738,afc010b195,2
1739,58adbf9f88,0
1740,eb8c06fa56,1
1741,b8e7bdb3f6,2
1742,4e7f4d03f5,1
1743,1f710b51cb,1
1744,c12a4264e1,0
1745,eace78152e,0
1746,3b6682f1df,0
1747,b7adc44334,0
1748,1597c7d7b4,0
1749,810135a348,2
1750,0013150720,1
1751,d0cc716e01,2
1752,d73a61c12a,1
1753,e193589c96,1
1754,b1a9e777f7,1
1755,f89eb0381d,2
1756,dad9a23ef2,2
1757,e1a185ab4f,2
1758,576332c963,2
1759,9d884a2b0e,2
1760,93a5fa7bcf,1
1761,096dab07aa,0
1762,5396ff56e3,2
1763,db2a9ad333,0
1764,4a1b4db3c9,0
1765,6e6d3a465f,0
1766,9eb0f82f11,2
1767,cbd8bd8078,0
1768,303a51bf5c,1
1769,7a026996c2,0
1770,12bcccbe2b,2
1771,428276608e,0
1772,49ed2555cb,0
1773,d10cb5ed6b,2
1774,86cb242314,1
1775,5b6681978f,0
1776,224e5b492f,2
1777,29c72d8041,2
1778,1ebb639725,2
1779,82705a57b5,1
1780,9c684c2c7e,0
1781,4e31a2d96f,2
1782,077a42c555,2
1783,2411584b80,1
1784,4f754907b8,2
1785,b5df3d928c,2
1786,66b95c256e,0
1787,90c985854d,1
1788,70da17c2df,0
1789,0cf97d3e34,1
1790,d47b92eb70,1
1791,1962c4f221,2
1792,96f2e3baee,2
1793,f9e59ddae6,0
1794,cdada24753,1
1795,6e82ec4c23,1
1796,29b11d8ab9,1
1797,8cd38b61f7,0
1798,727fa29cda,0
1799,01956fa147,1
1800,7462e1e7bf,2
1801,f2a4181424,0
1802,3e3367a856,0
1803,55a938cf85,1
1804,7723848467,0
1805,49ade1e461,1
1806,bf679d22c8,0
1807,e1540a7dd4,1
1808,1d2702088a,0
1809,4f5d40f484,2
1810,15161292b9,2
1811,910c203108,1
1812,2e01c25e30,1
1813,1dffb2fc52,1
1814,afacbd68ca,1
1815,2a2892f5e8,1
1816,4d4b96eed8,2
1817,ad3ecb5c8b,1
1818,fed7331638,0
1819,68ace2e46d,1
1820,9cda710965,1
1821,7f1046534e,1
1822,e0fe4db1f0,1
1823,c7ccc6a686,2
1824,e067039fc8,1
1825,55777f6801,1
1826,e48481d4fd,1
1827,0a90267a40,1
1828,e700d22009,0
1829,f7bcfd76b9,0
1830,69b0c6d107,1
1831,cd0e6fd44a,2
1832,5db20abb71,2
1833,a14ab0f792,1
1834,7ad10dc1dd,1
1835,9392377824,2
1836,ca17b4a33b,1
1837,e475c1d6f8,0
1838,48694c3ccb,0
1839,e539b035d4,1
1840,328ba13e60,1
1841,256f3a6718,2
1842,e17f67d429,2
1843,d6524b768b,1
1844,dfc21ac23b,1
1845,2a3981ff12,0
1846,4e4ea9b82e,0
1847,a082747945,0
1848,d492381f77,1
1849,e8208c75a3,2
1850,6ab9b713a4,1
1851,4ca5a8a39a,1
1852,a96fc42769,1
1853,5611f11916,0
1854,70565f52ea,0
1855,c725bfaa4e,2
1856,080d9d21e0,1
1857,68aa33fa71,0
1858,c9b8a49ce4,1
1859,f269df3694,2
1860,221a96a346,0
1861,a0565e7615,0
1862,2758bcae24,1
1863,5be86f0019,1
1864,bf26c6d698,1
1865,4b5d36cae9,0
1866,37c80c5be7,2
1867,20af7a372c,2
1868,299f10ac7d,2
1869,a18ea12e30,2
1870,9aab581693,0
1871,1f2c977bd8,0
1872,b806619f3e,0
1873,4054265818,0
1874,a230f0f1c6,0
1875,47296e153c,2
1876,9d448d05c3,2
1877,f69a6de130,2
1878,cb80c4f0a6,2
1879,37beb9abe2,2
1880,7c463463f0,0
1881,0861208a95,1
1882,09b7f1fbde,1
1883,35605ba118,0
1884,1eaadaf9bd,1
1885,89d234f8ad,0
1886,e1cbd5b241,2
1887,999ba0c718,1
1888,fce6c31139,1
1889,fd8b58a022,2
1890,bb771f2d41,1
1891,a71d64c00f,2
1892,b17ae9fc5c,2
1893,e561513de4,2
1894,3a9c568b7f,0
1895,09c13b6157,1
1896,63456608c7,2
1897,b1d6bd4bb9,0
1898,fbf33623fe,1
1899,d76d84419e,2
1900,8d860dd86f,2
1901,69bfb575bb,1
1902,2f64397087,1
1903,f4688d4bc1,2
1904,e09868ec63,2
1905,9ae401ce01,1
1906,6083487f52,0
1907,e9cf1a8939,1
1908,0e5369e049,0
1909,a024a6626f,1
1910,3b0ff437b4,1
1911,a824434e4f,0
1912,279f47105a,2
1913,91406d50de,0
1914,ec93ef4f79,1
1915,796e28030b,1
1916,ccf30b9904,0
1917,b002f3d12e,0
1918,f65e5396cb,1
1919,e473710093,1
1920,66afeca302,0
1921,f0be4b4f50,0
1922,5c0d54ab8e,0
1923,f62ff0cf88,1
1924,2b3d0cf67f,1
1925,800d335701,0
1926,ddfdf2efb1,1
1927,18b82d67d9,2
1928,50cbe61f08,2
1929,9b81a46f1e,0
1930,9fd3491fbd,0
1931,22465dca58,2
1932,420706c6be,0
1933,c0a5ccd10c,0
1934,8e46e6c02b,0
1935,e6f9c35e4b,1
1936,4626e0a382,1
1937,75a0c18396,2
1938,7e251f6eb9,1
1939,e02ace300e,0
1940,e3ce104de8,0
1941,b96761134a,1
1942,c423edb120,1
1943,633d0f486b,2
1944,135e30b8d6,2
1945,4d50de367e,0
1946,8e7f7b901d,1
1947,f88518ea9a,1
1948,24e8d3b843,2
1949,d7a1617505,0
1950,9a30f16964,2
1951,9cdc354e26,1
1952,2f09984548,0
1953,598d3717a0,2
1954,65dd0e4093,0
1955,c4f7fcfa3e,0
1956,a332de5bb5,0
1957,98ead2488a,1
1958,f377cca4a4,2
1959,bdc2083e40,1
1960,10ee36dd64,1
1961,7f88fb2cf6,0
1962,d5a868cc40,0
1963,22878cf0a4,0
1964,908a59e728,2
1965,1f1b74b320,0
1966,bb4b366adf,0
1967,13dc7f3740,0
1968,4116e23eb4,2
1969,d6cafd200a,1
1970,1d159f1e58,0
1971,d6d99a75ad,0
1972,1e393dc084,2
1973,aac62a23d8,2
1974,e69450d07f,1
1975,71f7b10db4,2
1976,4e6cbd1746,0
1977,091fdead63,0
1978,1b5354755b,1
1979,7219affeea,2
1980,fe82693496,1
1981,49d7a94197,1
1982,6633410794,1
1983,085929e4a2,0
1984,cf719a2f63,1
1985,b327867fd3,1
1986,fab1106fe3,0
1987,1fd8a1c1df,1
1988,96ba28e813,1
1989,37c500f27f,0
1990,8051e821c6,2
1991,f756d6cb3b,2
1992,445b4ac052,0
1993,00a556e8a6,0
1994,fb00b51f6f,1
1995,b5da22d02a,0
1996,bc66d78740,0
1997,36543650db,1
1998,1570d65daf,0
1999,950a3c83f5,2
2000,982da79482,0
2001,8435b00c67,0
2002,ab42178445,0
2003,6df27902d9,1
2004,34a10d9bc9,2
2005,e6f760c6ab,1
2006,60c9228a67,1
2007,e2e3eeb90f,1
2008,d74e092fdc,0
2009,c4564ecae4,1
2010,590c09c117,1
2011,29b25ff755,0
2012,eb7dbf2c5d,2
2013,84adea6449,2
2014,341cb70fb0,0
2015,16f9a5eef1,1
2016,b732353690,1
2017,a82a1b4e80,1
2018,4c95fd300c,1
2019,91461c07b8,1
2020,5ddffd14f6,1
2021,b951a87f61,0
2022,4ddab5d492,1
2023,5a2844d633,1
2024,e3597e32db,0
2025,4490fcbfd2,0
2026,30e536c4d2,0
2027,84ab6d7313,1
2028,29c20fcd3c,0
2029,3f12915b3a,0
2030,2b47991f17,2
2031,c1b4a449cd,0
2032,f172c710a4,0
2033,368a54c17a,1
2034,33805cfda2,1
2035,4d2aba7f68,1
2036,6d10976c65,1
2037,6df3d599ab,1
2038,5f477fcdd9,2
2039,61eea30ae4,2
2040,557cc7f901,1
2041,7b31064599,2
2042,28f09c55f6,2
2043,5010e43026,1
2044,2ff034bf47,2
2045,728b5025a2,2
2046,d87cfc242c,2
2047,201cdcbb0f,1
2048,5f03ccc998,2
2049,c0ba046f63,0
2050,2da92bdc24,2
2051,86ade03d7f,1
2052,3a10e5a077,0
2053,3c962c44c6,0
2054,eaf1048067,2
2055,70e65c94ad,0
2056,c804133fc5,0
2057,97903b78f5,2
2058,f99ab3605b,2
2059,1dc88b49b0,0
2060,18d6ba1664,2
2061,bf718f9f87,1
2062,fe67b83b66,2
2063,d6f348fc35,0
2064,66d27bacb0,1
2065,7f11253a55,0
2066,4cb4067a63,2
2067,e5052e3efa,2
2068,83c62102b2,1
2069,5376eeab5f,1
2070,8c13298d0d,1
2071,487254b38f,0
2072,e3407d9498,2
2073,c0b4b505b1,2
2074,e272ba4956,2
2075,d5d85d56a1,2
2076,e826855170,2
2077,074b3a9399,1
2078,5c1bdb04d2,2
2079,73f94240e4,0
2080,b10555165f,1
2081,e762d232b7,0
2082,f5240c73a5,0
2083,8732d335c3,1
2084,35fcf00a3b,2
2085,4a8b7082ab,2
2086,8bb5b913fb,2
2087,fd6851b32c,1
2088,e68dcc9b1c,0
2089,8a1e0f8978,1
2090,f6986d2a1b,2
2091,f2de8e4462,0
2092,6709605c7c,1
2093,d7486fb68b,1
2094,a8bdcbc7e7,0
2095,6a4948377e,2
2096,0137116753,0
2097,49ff2b9d4c,0
2098,d9797852e6,0
2099,3b4aae9c91,0
2100,009541662d,2
2101,40b9f6c142,1
2102,071ba37f56,2
2103,23ead75865,1
2104,b20f43db2e,1
2105,ba9c02c844,1
2106,f025aeca5e,2
2107,25262b8bce,1
2108,98b3e0ee21,2
2109,77a7ac8b66,1
2110,ec074b5911,1
2111,c20ed6ccf4,1
2112,8022f84008,2
2113,e37e26cb51,0
2114,ef84b7a7eb,0
2115,114f328574,1
2116,d6c97a1f3c,1
2117,1049ddbfc8,1
2118,5e97ff2fbc,1
2119,9e6b8814e8,0
2120,0a744588de,2
2121,c28bb9f5ef,1
2122,c923be9ae1,1
2123,1d23a89075,2
2124,5cd32d0d38,0
2125,921ca5f7a0,2
2126,52c0a0a61e,1
2127,9d8b334cb4,1
2128,22154b8268,0
2129,6323223a3b,2
2130,9afbd385e6,0
2131,65100749a5,2
2132,25b4a8ebfe,2
2133,f005d12543,0
2134,f6e2e47ec7,1
2135,709b2fc5a9,2
2136,f2c7535089,0
2137,7b2cf8eec9,1
2138,b34ac54b71,1
2139,ea838bb160,0
2140,1ba8449e34,1
2141,93df1ed297,1
2142,6ab50b56e7,1
2143,3acceaa679,1
2144,02f69071ed,0
2145,6717cdbe0d,0
2146,81d667bc8f,1
2147,c18dd3568d,0
2148,cff65b0194,0
2149,771d1e5564,1
2150,9edab48a3e,0
2151,fe9f75c467,0
2152,bbb46ffecb,1
2153,2e9ac90656,1
2154,684d924927,2
2155,1c330fbabc,0
2156,a2f04e777f,0
2157,61cc63c3b0,0
2158,ebedb95b30,1
2159,3c189cb18d,2
2160,0814c25187,1
2161,18559e771d,2
2162,55089d8950,2
2163,8c48e9cda9,1
2164,c81dbcfb5c,0
2165,d65c26b850,0
2166,c3bb9b5bc9,2
2167,b62757c954,0
2168,96a192e5a6,0
2169,30983edaf3,0
2170,ad30d84917,0
2171,34054e0519,2
2172,e429b853f0,1
2173,9689ad1d72,1
2174,9b78bf3058,2
2175,47b95fe0fa,1
2176,a9b7c950e1,2
2177,ecca0f86d7,1
2178,15407c8d73,2
2179,09dc2920d6,0
2180,8799d86112,1
2181,3f554ce397,1
2182,c2f75ae0e9,2
2183,25e5c7b4ba,0
2184,a8d3f80fed,0
2185,f9fb6bb4a3,2
2186,a18fba89e9,2
2187,b1c4c554d9,0
2188,d7e62b1442,1
2189,2464ee4b12,0
2190,bc8255ad9d,2
2191,ccfadfa095,1
2192,d8ccb62849,2
2193,1790479dfe,2
2194,dad1a46ed1,0
2195,9b9b72ab99,2
2196,f25e6fbcd6,0
2197,d05ba84589,0
2198,27f4161d24,0
2199,95e7b76901,1
2200,0c5aa728b0,1
2201,9333faa358,1
2202,65a25624d4,1
2203,d8d1d8091d,2
2204,5112090020,2
2205,0053d0ca97,0
2206,5f40d6d847,0
2207,f0b5445c2c,2
2208,b929c4c7a7,0
2209,68fc46e322,0
2210,c8e25a620b,2
2211,f2d1636cfb,0
2212,8af28cb419,1
2213,ecab388ea4,1
2214,8ae74f6612,0
2215,697e5501c4,0
2216,c9ee15351f,0
2217,8840fe817b,0
2218,4b50b4143a,1
2219,e80c2731b2,0
2220,c8d96917b8,2
2221,81ad44674d,2
2222,db21fb2e49,0
2223,985911212f,0
2224,69760ea333,1
2225,a0e92b27ce,0
2226,ff566c5ee6,2
2227,254cbc2855,1
2228,025e81cfc7,2
2229,08cc49e407,0
2230,cc9726c91d,1
2231,1058657927,1
2232,1126218e49,0
2233,1035a1a4b8,1
2234,e95c580d28,2
2235,9ac29adb35,2
2236,16b4f6c8a6,2
2237,539dd0f30e,0
2238,ae2813d8ae,2
2239,675cc329e6,1
2240,abb798f84f,1
2241,cd660f6ab5,1
2242,ba65c244cf,0
2243,28b5a77269,2
2244,7d357d529b,2
2245,34629fd216,1
2246,9ae784ec3a,1
2247,5c8782b67e,2
2248,cebe354eff,0
2249,e609f65ffa,1
2250,afa38e24d7,0
2251,0f3a5fe0c5,2
2252,f09e606d97,1
2253,c68040f4b6,2
2254,f174067da8,0
2255,8dbdb111bb,2
2256,e3598abb15,0
2257,c9fffd562b,1
2258,b3b8c990b5,0
2259,c8ae152968,2
2260,00a661bf71,0
2261,4cf51bfcc6,2
2262,86ea38e588,2
2263,1d0e54b59f,2
2264,9c4fdae070,2
2265,e182a80baf,1
2266,c7cba9f41d,0
2267,6d009312e7,2
2268,ce5a64d20d,0
2269,323ebf05c2,0
2270,39e18c047d,2
2271,371041d74e,2
2272,f148ffad7f,1
2273,8e8658a7da,2
2274,977536bedc,0
2275,bebe60a628,0
2276,359ceec339,1
2277,588ff666b2,1
2278,125e259351,2
2279,31213f6420,2
2280,f351b475b3,0
2281,350515f89b,1
2282,dea33671d7,1
2283,759838b641,0
2284,419951c822,0
2285,9a5bf8d5ce,0
2286,419c4d813f,0
2287,00d70b33b2,2
2288,c225aa2545,0
2289,6dde657f19,1
2290,ab843c197e,0
2291,7c30ed9ca6,0
2292,cd4235f18b,1
2293,107bbc5c2e,1
2294,6dcfd5c2c9,2
2295,8a4b9bfca0,2
2296,528b10047e,1
2297,8c3e230622,1
2298,7852f8d9fc,2
2299,b069a5ac66,1
2300,9ef7a79e17,2
2301,0a0831e8f4,2
2302,290b02a3db,0
2303,2c3af12d6e,0
2304,289c889e9a,1
2305,4b8e7e9e0f,2
2306,78e9b6e0ac,2
2307,4ccf61b333,0
2308,7738cc767b,1
2309,72ea71c325,0
2310,85bbd7d1b1,0
2311,63d52d3ab7,1
2312,a8196f9018,1
2313,d63be717ca,2
2314,7a61d46a4b,1
2315,ecbc0f458c,1
2316,9059a00c4b,2
2317,608ed9c549,1
2318,40294a72be,0
2319,66413466ac,0
2320,662d308d29,2
2321,a2da43dbac,0
2322,7b2bc619c7,1
2323,37eff96af1,1
2324,fddc8551d9,0
2325,a60386db7b,1
2326,5f9a6b24db,1
2327,a2d112a6f1,0
2328,266c3209bb,1
2329,ab29889867,0
2330,7b62cbb97e,0
2331,2cda8abd3e,0
2332,6a6904c0c6,2
2333,48cadce718,0
2334,91b192233b,1
2335,e6d15e80e8,2
2336,de27b6be86,2
2337,f18538491d,0
2338,5251574689,0
2339,ba456201b5,0
2340,1e8a85ecf9,0
2341,a4a5087d23,1
2342,d66cd15b1b,0
2343,0f7ad81b4e,2
2344,3213ff2240,0
2345,013985fdf5,2
2346,eaabe9795f,2
2347,fcf3ecdf50,1
2348,fa07f47485,2
2349,b72f884498,0
2350,6d49314f33,1
2351,3fac40463d,0
2352,3bd19cd443,2
2353,4792c0bdba,0
2354,4213c0ff26,1
2355,f33a28e691,1
2356,743b4cd69b,1
2357,12f4a320b4,1
2358,21e1d2438c,2
2359,90a3b45f7c,1
2360,e7a6266bab,2
2361,eaa3a6d24e,1
2362,b1514e3038,2
2363,f1383ca598,1
2364,2c85dcbc22,0
2365,f880800121,2
2366,7802e6680c,1
2367,d2b88aad07,2
2368,fb55e07fb3,0
2369,9e022805c1,0
2370,ed70c19a5a,2
2371,483fef0184,0
2372,e8fc19b3e7,2
2373,75aef1fd51,2
2374,91869e6141,1
2375,ff0b2cd4eb,0
2376,815f6a3c47,0
2377,c6a9d4b1b4,2
2378,ae5a19022d,0
2379,8db05cff92,0
2380,bee3fe4da4,0
2381,ae1ed6ab99,2
2382,811a39a572,2
2383,5e603e449f,1
2384,08739ad118,0
2385,3774d1b3ee,1
2386,3c57b8e75c,1
2387,e8c65d4b87,1
2388,1f09a98ff2,0
2389,6fb6e7abb3,0
2390,a5b2951917,1
2391,b7c03168d2,0
2392,e84a08f133,2
2393,b0180b97e3,0
2394,45d2f56b77,2
2395,1e47b84b32,1
2396,b4ad69c3b8,2
2397,217294e5b7,1
2398,beb0c91db1,1
2399,1267b1a21e,2
2400,58d5bc2114,0
2401,aab5389e9e,0
2402,668295ddd4,0
2403,5dccf7f3cd,1
2404,9dce92f5c9,1
2405,83fd0f4593,1
2406,2ea6e49a6b,0
2407,d6c7c35099,0
2408,c1d77f40ed,1
2409,63f8751ef4,1
2410,e86b2527bd,2
2411,6587a96aee,1
2412,dcfb79b954,2
2413,0e9a7c772a,0
2414,fe0deec159,1
2415,ac999715f9,0
2416,031435d582,0
2417,859b296573,0
2418,8fb7fe61f3,0
2419,1259edf6bd,0
2420,46cddb475b,0
2421,291b1821a8,0
2422,15279419b8,1
2423,70c6bb0d6d,0
2424,6a1fc24885,2
2425,aec7bdb325,2
2426,49952ada9e,1
2427,a0fe788b0b,1
2428,bd03b499a9,1
2429,e6fcbb0349,2
2430,6a56a81882,2
2431,050e5f849c,0
2432,9e6360eb0b,1
2433,cfd8912f6b,1
2434,dccc7a1cb7,0
2435,e8dfc3eb0b,1
2436,55648a86e5,0
2437,ac52a2c813,1
2438,fb6315bb70,2
2439,85d06533fd,2
2440,2c6a046f2e,0
2441,910046473e,0
2442,f79907a176,1
2443,8cb01b10f8,0
2444,d4674f3ab8,2
2445,ecffec0e98,1
2446,e253d94856,0
2447,3dca047430,0
2448,8c5585b50a,0
2449,5b6a212210,0
2450,dd546ab5d6,1
2451,fe0ba2969a,0
2452,3343cfc3d7,2
2453,b1aadd6055,2
2454,b39c95bb45,0
2455,ab03346af1,0
2456,92c9e37e37,0
2457,c44be67e4a,0
2458,5b5e227c1c,1
2459,7b4141fca5,2
2460,d939b5560a,2
2461,b6e4e862f6,0
2462,827726534f,0
2463,41fdb55651,0
2464,5938e3aaf6,1
2465,eb0a106141,1
2466,279ecae9c5,0
2467,bc1a9e0ed4,1
2468,ddb982fe50,0
2469,4c2e0a36a9,1
2470,deecc1a6ad,2
2471,9aaa4b82d1,1
2472,509cc1fcf5,1
2473,070dee7de4,1
2474,a955e86317,1
2475,459815248c,1
2476,867124e4a4,1
2477,f19e27e9a1,1
2478,c09b680bb9,0
2479,aa7abb809b,0
2480,aaf94d178b,1
2481,3a8221db17,1
2482,3f0cd49700,1
2483,c09bb405a5,1
2484,33c5214585,2
2485,b7ae7ccd8a,1
2486,f764d08138,2
2487,d62b15019c,2
2488,42d32157c9,0
2489,c5b2281191,2
2490,54828e66d0,2
2491,f35e3dca9c,1
2492,2b32416d47,0
2493,49c2880ad0,0
2494,5cf8f1c8b5,2
2495,66295cdd83,1
2496,96721243a9,0
2497,3a2acaf6ad,0
2498,47f040c49c,1
2499,c58dbfe3cc,0
2500,63c7777786,1
2501,993d94218e,1
2502,015e025207,1
2503,f281eb0a46,0
2504,39179693dd,1
2505,f24f8328a0,1
2506,e433456cfb,1
2507,067aced6b6,1
2508,1fa39c8d11,0
2509,61c419266a,1
2510,4fda6b0b3f,2
2511,56ef5c8780,1
2512,7d560f0a3b,0
2513,57c9108a0f,2
2514,dfc9484f6f,0
2515,fd3754e256,1
2516,21dfd38aef,1
2517,648ed66874,0
2518,786f1a7cb8,2
2519,92c685de7b,2
2520,55c80c23f8,2
2521,8229cace69,2
2522,8d56fe261f,2
2523,790b8ce741,0
2524,b23860d15e,1
2525,ad21f212e5,0
2526,42aaa6c380,0
2527,611621c2c7,0
2528,c49ef48096,1
2529,93b386b350,2
2530,661ac10613,0
2531,d3e470c256,2
2532,a278b03848,2
2533,11f23241fc,1
2534,dfab4ef10d,2
2535,0ae81dc48b,1
2536,5d32fa2a35,1
2537,7a482b3792,2
2538,64eac8af8d,1
2539,24f7310cfb,1
2540,2dae39b01b,0
2541,582380f17d,0
2542,c0f7f3a386,0
2543,d7e19e199e,2
2544,b021dd8b5d,0
2545,80e440c256,0
2546,d71db41f52,0
2547,ab643a5acb,0
2548,c74d0cf4cc,0
2549,052ae7fbd1,0
2550,eaa136dd52,2
2551,7471b45a60,0
2552,2779470497,1
2553,88c17ecf14,2
2554,38c10c9248,1
2555,507c02f2b2,2
2556,fa5cec1e2b,0
2557,7815f1891b,1
2558,b1333a756a,0
2559,098a95ddd2,2
2560,9d5aee9fcc,2
2561,9cf9d13f4c,2
2562,b2f1858948,2
2563,0e6dfcf2c0,1
2564,54fc264668,2
2565,fcbfed7cbf,1
2566,1d6f493692,2
2567,ed2f8a8b6c,1
2568,f45284bb6d,1
2569,e44c7537a6,1
2570,967436b594,0
2571,c74620713b,2
2572,3417530c94,0
2573,6895fc1f55,2
2574,cdae87e255,0
2575,a6bf64ff74,1
2576,9898b6a20e,1
2577,a8b31f4b65,2
2578,bc499ddadb,0
2579,b7f83f2a7a,2
2580,1336fb4fe3,0
2581,de3f34c291,2
2582,7b51764004,0
2583,48dd422676,1
2584,dad230d07c,1
2585,b87fc69d29,0
2586,b4b5753189,2
2587,af646244cf,0
2588,0eae256cf2,1
2589,4bcb384bed,2
2590,c981d41a93,0
2591,539791106b,1
2592,4f4e072d69,1
2593,c981fd95d1,1
2594,a3b1972c1b,1
2595,4a4daa5969,0
2596,af49803fed,1
2597,6e468534bb,0
2598,34d7f68787,1
2599,224b2db929,0
2600,2ffc434b3b,1
2601,e4bc4064d7,2
2602,c2c06c4354,1
2603,46d5e6ce73,1
2604,2f3e4355b8,1
2605,d12536eca8,0
2606,e7964cd2a4,0
2607,d4e215e056,0
2608,2cf223761b,1
2609,f91801d283,2
2610,a47332b258,2
2611,2f5dd9914f,2
2612,79ec5e934f,1
2613,cc364b018b,2
2614,87c26028c7,2
2615,1efa7eae79,1
2616,c5e2e445fb,1
2617,dc3a8d2968,0
2618,088784d38d,0
2619,a2ade1bbc3,2
2620,845480aeec,0
2621,35e35fae9c,2
2622,17f783e522,2
2623,610df76318,0
2624,77d297bf3a,0
2625,e77fe19bb5,1
2626,9107a6680f,1
2627,9e185f38ca,2
2628,7682e7f25d,0
2629,adf5d32394,1
2630,3f4cc356a0,0
2631,7fff7ee48d,0
2632,0a94380a7b,1
2633,3bdb14645b,0
2634,bad364df43,0
2635,dfa3888b42,1
2636,cc48a72249,1
2637,244c7c1734,1
2638,b4b8e9cd21,0
2639,4532ec07c8,1
2640,d6db994a03,1
2641,81f8bd703e,1
2642,aaf1d40104,0
2643,c22524d4f5,0
2644,49955ecff0,1
2645,a0c24cdac7,2
2646,835f51cf4f,0
2647,84df2bb4e8,2
2648,ca4b529c1d,0
2649,94ac2a1ff7,0
2650,8ad0ba6b2a,1
2651,e696b21c5a,1
2652,3ac47e688c,2
2653,6630688dba,1
2654,0209b56e49,2
2655,94a5d129ec,0
2656,f0cdeea967,1
2657,89ba790f40,1
2658,01e2007d47,2
2659,4b5da2a68a,0
2660,1b12b3898f,1
2661,c2babbf1f9,0
2662,58d65fe7d4,0
2663,cd9d3403f0,1
2664,b82970b513,1
2665,096152b113,1
2666,5b5e2ae121,2
2667,c177b00ce6,2
2668,9e813faaf0,2
2669,3f82cc8f04,1
2670,ffb12187ea,2
2671,87814b0f51,0
2672,f95dba85e9,2
2673,93eb41692b,1
2674,07c7724341,0
2675,1e86c38999,1
2676,a36baddf43,1
2677,72f6e244da,0
2678,be7af4e8ea,2
2679,6477e45d2e,2
2680,32df4893b5,2
2681,46d9a3bbda,2
2682,83d3acb204,1
2683,f15546c965,0
2684,4c638d4ba7,2
2685,525d29b4ad,1
2686,9337d03355,1
2687,10870d132e,0
2688,ea2f7e7ed2,1
2689,9ccc16e1e0,1
2690,ed3a3aad47,0
2691,3540adf79d,1
2692,207a144e1e,0
2693,dcacb3e8c6,2
2694,1fd594855b,1
2695,f8b461b0dc,2
2696,d79745e7cb,2
2697,e670ea3ce3,2
2698,810c4e8c9e,2
2699,1f87229859,0
2700,43be1a3345,1
2701,6a744d3977,1
2702,8c3cbc7cb2,2
2703,ae956a5456,0
2704,899e7288e4,0
2705,5143da732a,1
2706,99c8f76ad0,1
2707,6d8a9c25dc,2
2708,a794d22318,2
2709,e1650a2489,0
2710,0133fd91c8,1
2711,0849f77e23,0
2712,16d30e2ef1,2
2713,8c9358c4ae,0
2714,b2629e98bb,1
2715,c1ca56a25f,0
2716,a121038504,0
2717,d6f03cddb4,1
2718,81bacd4d3d,0
2719,0fa6031235,1
2720,8df7f7f2f2,2
2721,56b3aa42b4,2
2722,6630b2d893,2
2723,3bd2f2f7b8,1
2724,7f9c9d957c,1
2725,f6b30d1ab6,0
2726,194e27a2c7,2
2727,5048d425a6,0
2728,76b3a8e246,1
2729,9f81e17da2,1
2730,6b9f4d0ccd,1
2731,6cbb4be3ed,2
2732,e474ca934b,1
2733,93bc18ad88,1
2734,c623a227db,1
2735,dd9a4f82f5,2
2736,c573d6534e,1
2737,4564a225ce,0
2738,0bbc0237fb,1
2739,46540fb4a3,0
2740,f3b29695ef,2
2741,f0885ca11a,2
2742,6501bec36c,2
2743,cb899f942e,2
2744,7e25d16546,1
2745,e2226c488a,0
2746,649cdcf23a,2
2747,fa763c3d8a,1
2748,d5ced9a530,2
2749,85643dcbc8,0
2750,757cfe8cb9,0
2751,0a4c23502c,2
2752,05a1108337,0
2753,14ba9768e5,2
2754,3c8934e346,2
2755,c2df14413a,1
2756,069f67e2e5,2
2757,35d55e3de2,2
2758,230e0ad518,2
2759,194c7606ff,2
2760,7c7cb27c03,2
2761,6b46b43766,1
2762,b476ac3318,1
2763,1ba4e614d6,2
2764,f9a3a65291,2
2765,7ddd6cdfc8,0
2766,e5245f0192,2
2767,b6b104e0c0,1
2768,fcee68e03f,1
2769,a3439a3378,1
2770,fdadbd2105,1
2771,244e50f4a2,0
2772,2a94296111,0
2773,876a68e36d,1
2774,4075c53cae,0
2775,cea6bda7fa,1
2776,7ede309f01,0
2777,2b79c0334e,1
2778,ae9ce56a06,0
2779,3ff00ed5e1,0
2780,77a49d3eeb,2
2781,f815980337,2
2782,db50766832,2
2783,da41b32a79,2
2784,74e1c86782,1
2785,419e930c90,1
2786,12cee1075e,1
2787,bb20d5e8a0,1
2788,874fdfe995,1
2789,6473f09be0,1
2790,bc8bbd8d0c,1
2791,8461f38561,1
2792,8a56a7a26c,1
2793,d0cc5ab107,0
2794,a535972611,2
2795,69bd88ef5c,1
2796,311f9c5d39,0
2797,3453f8a623,0
2798,317eda0a13,2
2799,02d48aa71a,1
2800,60fcc058ab,0
2801,6bdb466e3f,0
2802,fd6e9d8545,1
2803,38ad99fe1a,2
2804,742e433479,1
2805,e7280a57cc,1
2806,6d8f41ea60,0
2807,2e89856341,1
2808,0460e1e929,2
2809,e1913d888a,0
2810,d0be6f14ca,2
2811,742d11d994,0
2812,ba11686435,1
2813,5c35fab6bc,0
2814,d2bc6646e2,0
2815,ab4abe46ab,1
2816,3aaee7866a,1
2817,c52ea5bbde,0
2818,460dd5b32b,2
2819,8ea21a90f9,1
2820,2c461fd1b4,0
2821,3db4cd209c,2
2822,18ba7884fc,0
2823,c90e3414a2,0
2824,5a4b2af816,0
2825,504766fc6a,1
2826,7efd0b5d5a,2
2827,5e2193d71a,2
2828,7891a7b52f,2
2829,ce2297c705,0
2830,64f3dcdefb,1
2831,491ce72615,1
2832,4ae19a18a3,1
2833,246ddca733,0
2834,e042699e14,1
2835,5e6423c655,0
2836,658e5d40c3,0
2837,50a3737085,2
2838,de296fb273,1
2839,245a06c2d3,1
2840,e8ed2c621a,1
2841,20e0a1b35b,1
2842,f1421ff431,2
2843,e95f307b29,0
2844,fd9c4b371b,1
2845,81fda885b9,1
2846,fb40eb4fb5,0
2847,92a03af58a,0
2848,33ab3bd7d9,2
2849,0a807e6f7f,0
2850,d15fa0d458,1
2851,d5f30f9489,0
2852,4f1f1fbb6f,0
2853,451f7f01c9,1
2854,230332bb87,0
2855,083c7c379f,1
2856,beb4503be2,1
2857,75ffb46b43,1
2858,e84066e1e2,0
2859,d3e46b88e4,1
2860,fe46102d90,0
2861,9bbb3110d3,0
2862,418c7a5604,1
2863,88457c7242,1
2864,4239c4835d,2
2865,2f3f8cd8cd,2
2866,57b0555613,0
2867,f056172e67,0
2868,6dd7148bd2,1
2869,14139f1c9b,2
2870,3b93161749,1
2871,32af4e3de4,0
2872,3b0f91c76e,0
2873,41fe9fb1ec,0
2874,0707e233be,1
2875,d5e605044e,1
2876,5a0a333c72,1
2877,0001718fc3,0
2878,1828d9efdf,0
2879,9d2a45e2b3,1
2880,3b98936d7a,1
2881,1449ad4f82,1
2882,50acbcba92,1
2883,d9421e0bd6,0
2884,f74d042da5,0
2885,fc2cf71126,0
2886,155f713bfb,2
2887,34f29bc5bc,1
2888,48994b0132,2
2889,c1a79a83b2,0
2890,4e69b3e698,1
2891,7f836a2e77,0
2892,1338648f15,1
2893,8a35913176,1
2894,82359a10ac,2
2895,d4229f6c49,1
2896,433afd8ddd,1
2897,cff162cbec,0
2898,b209e87313,0
2899,5e6f925734,1
2900,ed54d0252e,1
2901,58175a916a,2
2902,7f70c19f9e,1
2903,b5e7ded9a6,0
2904,e3f87b9d75,1
2905,54a855ccab,0
2906,c84d4da39b,0
2907,daf0e7c309,2
2908,58591b4d6e,2
2909,c9e2bb5327,0
2910,8902606f0a,1
2911,9522bf306e,0
2912,93c474d34e,2
2913,cb2a31bc88,1
2914,e607259fb0,0
2915,5a9d607889,1
2916,a3156bea41,2
2917,846566e170,2
2918,ffe66dbcc7,0
2919,ec81cac249,1
2920,dbad90f8d8,1
2921,f86127275e,1
2922,86140d1ac6,0
2923,0b5cf4d3f9,0
2924,ff57e2fa3a,0
2925,b9b7a309ca,0
2926,16bf445765,1
2927,8ba38ebb65,1
2928,d6c92d9bec,2
2929,3d6fac7e2d,0
2930,8164e7947b,2
2931,95b8719d9d,0
2932,47575243bc,0
2933,c8614a2cf7,1
2934,779019ad0e,2
2935,7666ae7eb5,1
2936,7b57b36051,2
2937,74df7c8912,1
2938,f8ca634ba7,0
2939,3fa01061e2,1
2940,e8a4374fbc,2
2941,4b34fb6371,2
2942,4fca0b9d55,2
2943,2b1c78a63d,2
2944,b2a27cc22c,0
2945,3d0e1d9c3e,1
2946,9ad5d81cb5,1
2947,40430167c6,2
2948,d57b8b724b,1
2949,237157b7e1,2
2950,4b23bd81a1,1
2951,3b23fe1e95,0
2952,4cdae3ef95,0
2953,aa64e05184,1
2954,ab569e9e7d,0
2955,cdb380b585,2
2956,50fd16b9f3,0
2957,f2e70ead5a,0
2958,42999b6386,0
2959,38506abab4,1
2960,995492c948,0
2961,753c1ba23d,1
2962,0491dd2600,1
2963,01773b35da,1
2964,efd820ce99,0
2965,329c04f4ec,2
2966,b15f5bdaf0,1
2967,3f2489c655,0
2968,b133257d36,1
2969,111a9f4e18,2
2970,2e6ca18d94,2
2971,4da9d62bc8,1
2972,f81904f891,2
2973,ce7c6448a8,0
2974,1c0e4618a8,1
2975,ce51c7404d,0
2976,63ed9b0b56,1
2977,668678adc2,0
2978,49e3a934b3,0
2979,3f8b646f48,2
2980,a0fd91297e,1
2981,0b23187639,2
2982,700498c981,1
2983,fbb6bcc5d2,0
2984,8a22765343,0
2985,1643c4982f,0
2986,d8d3c3dd15,0
2987,c9fb6dcc8d,1
2988,6acbd39329,2
2989,7e5594c9b1,2
2990,2db0c11fee,2
2991,3a543c89f5,2
2992,3cfa1782ee,2
2993,bfe8db449f,2
2994,cdf2a45183,0
2995,44d7297fbe,0
2996,dcfc8cca9e,0
2997,47826bf6e7,1
2998,adb35f57c8,0
2999,ba61c4cc1b,2
3000,831ae19ae3,2
3001,b274333bd3,2
3002,35388c61df,0
3003,2ae726847c,2
3004,5ad8cec83c,2
3005,d68118690e,1
3006,3dcd5bff87,2
3007,08224308a0,0
3008,71877742dd,0
3009,0367616b60,2
3010,53ea69dfc0,2
3011,aa3890819c,1
3012,2b9f979000,1
3013,c81a62b2d4,0
3014,91026c6eb6,2
3015,e4490e18ea,1
3016,1091459e6d,2
3017,884dd1544c,2
3018,652b76ed9c,1
3019,eebec7f916,2
3020,c0d2c34471,1
3021,06b20170a9,0
3022,ccfe0be687,2
3023,6afde96109,2
3024,522263544f,1
3025,6bc32be6bf,2
3026,3913c30edf,2
3027,49c03a1f22,1
3028,1d30d6eaef,0
3029,70eb6471d5,1
3030,c1ccceee9c,2
3031,2f7f52da9b,1
3032,1e4402f622,1
3033,85a38b7dc5,1
3034,29fbc8e405,0
3035,4bb1c7d1fe,2
3036,e7857bf8d7,0
3037,8e5dddd3ad,1
3038,dd28d51b9e,0
3039,cf3c265344,1
3040,8d79649dea,1
3041,1db4332ae4,0
3042,2447ec7097,0
3043,46dce6993b,0
3044,0c8ba1cef3,1
3045,07e816aa6c,1
3046,15fd7d9a50,2
3047,4ce7b06684,2
3048,baabe27e40,0
3049,8e661b1574,0
3050,876b944457,2
3051,2eaeb09d11,1
3052,9f9ee108fe,0
3053,9553c6c9c8,0
3054,c00481867c,2
3055,a43f9dfe94,2
3056,03ccd491e1,0
3057,a4f74215af,0
3058,ce2178d73f,2
3059,2bc1083d21,2
3060,bc1220066c,0
3061,fe5b124a1e,0
3062,ab7917cd16,2
3063,22cb4d573c,2
3064,3a86c8d070,1
3065,b0efc064b9,1
3066,36c15b1d1b,1
3067,24244c171f,1
3068,d6ba782804,1
3069,ad74c2e80c,2
3070,7e7c91bdbd,1
3071,1902a6aa34,1
3072,2dffbf7713,2
3073,be794e6d81,0
3074,60de3bbf5c,0
3075,c79cdc4db6,2
3076,001e3335be,1
3077,0b5367c57e,1
3078,73a847b1a0,0
3079,6070c96b27,1
3080,b1f0c50745,1
3081,f149880019,1
3082,10776ff1ac,2
3083,4dcd82e6e9,1
3084,6ce64b1e87,1
3085,bfd7a340a8,1
3086,4363c3649b,1
3087,e3eee77359,2
3088,b81f8ca296,2
3089,154bf9ad1f,2
3090,e0a93cdf08,0
3091,d94ed30f46,1
3092,52634347d0,1
3093,8b6609f222,1
3094,c0b62933ac,2
3095,6bde95c929,0
3096,47aa927cee,0
3097,7b3f932963,2
3098,1cd3e87165,1
3099,c1ce98ba31,2
3100,3018cf3080,0
3101,ed7531fd57,1
3102,8e470538a9,2
3103,e6291b6241,1
3104,b3600e1155,1
3105,b87730dc23,1
3106,75e6fda742,1
3107,09597f1d0d,0
3108,1b9cbbb971,2
3109,1cabca5b56,1
3110,76d567325c,2
3111,dadb1c8e17,0
3112,4d6557d0f3,2
3113,24f1b736b2,1
3114,5dd09997a5,1
3115,f58d061d0b,2
3116,086f3a1bf6,0
3117,dd085ea72f,1
3118,5fdacd989d,1
3119,b8bd2a188e,0
3120,2152ce2537,2
3121,95476ca53d,0
3122,89ea784aa9,1
3123,35c4cf20f3,1
3124,1eeedf10db,1
3125,77ce5b0f99,2
3126,a4fe0f2516,2
3127,c4733bf9ef,2
3128,10c8468f34,1
3129,1b775440c3,2
3130,3f3a70be56,0
3131,bfc86587c2,2
3132,c8c5bef825,2
3133,a96ea898cf,1
3134,bef949e516,0
3135,6814f50d89,1
3136,11436afd9e,0
3137,088fea8fe3,2
3138,9f45f4933b,1
3139,c8704fb942,1
3140,d51b197fd5,2
3141,781e1dd48f,0
3142,dcda3cb1f2,2
3143,7d98bb322e,1
3144,1c57c4c7d4,2
3145,5b759a6369,1
3146,eba30c2149,1
3147,710b24f23e,1
3148,6c12c1e558,1
3149,611500af8d,0
3150,c85d95825b,0
3151,6860f76ffb,2
3152,7dbf05ff14,0
3153,2596abd986,1
3154,f260247ac7,1
3155,ceaf182d4c,0
3156,2b3ee0415e,0
3157,713c4f3be0,1
3158,ea184b77de,2
3159,28735abf63,1
3160,7828798ee7,0
3161,a84daaa051,2
3162,aa5d30ec20,2
3163,6c85f5aca5,2
3164,3561aaf11f,1
3165,40c0374c24,0
3166,0fc24d8b28,1
3167,6fe24c1e9a,1
3168,0c8155eb8d,2
3169,8234330cb8,2
3170,a1c12887f1,1
3171,9812eb1527,1
3172,951ae988af,1
3173,111787181b,2
3174,0f543bc671,1
3175,c2819304e7,2
3176,c8c43a416b,0
3177,c87369be18,0
3178,7020a9ce55,0
3179,4ad2993dd3,2
3180,a2f120903b,2
3181,2b5445a8d9,2
3182,20360e5728,2
3183,372b0c053a,1
3184,a825fd3755,2
3185,5022174343,0
3186,97865ddd8e,1
3187,0dfaafa5d8,2
3188,b27077a872,1
3189,24e02a353f,0
3190,d04b216d6d,0
3191,43ce79314b,2
3192,56d680cecb,1
3193,c9d4dc43a6,2
3194,2787b273f3,1
3195,189b912322,2
3196,90765cefa9,2
3197,0d5200e7f9,0
3198,9746bab156,1
3199,3f1bbacca7,0
3200,d08bf9fea6,2
3201,e8fff73391,1
3202,b89d8a8fb9,0
3203,61a9f66651,2
3204,f68410c8ee,0
3205,50f513b7d7,2
3206,bf8d9a3d67,0
3207,0502d741a2,2
3208,d6834b91ad,2
3209,02aa81d82b,1
3210,f6cbbfdb88,1
3211,c0a019cf42,1
3212,02ef979ca8,0
3213,ec0a425bf3,0
3214,cbc32567a2,1
3215,823597c21d,2
3216,67fb6cd4a3,0
3217,6d75f617ff,1
3218,12010b3338,2
3219,1327babbb0,1
3220,a59eb45d4f,2
3221,318f38165e,1
3222,79cdd329c6,1
3223,75166120e6,2
3224,5dd0ca146e,1
3225,9f1a2cdd34,2
3226,dec033fe8f,1
3227,ad7a033e8d,0
3228,088c6ecac1,2
3229,04bd33f36b,1
3230,656b60a2ec,0
3231,e90d966f3c,2
3232,59dcdf3d8a,0
3233,f2bda11084,1
3234,0273a7453d,0
3235,6a08757940,2
3236,89fd52b49b,1
3237,045b708d2b,0
3238,72154ab537,0
3239,a413cbba43,1
3240,bc17669d5c,0
3241,40113ecc08,0
3242,47ca4e1046,1
3243,4cd8c1f9ba,2
3244,190f0c5c2f,1
3245,b3ba8fc1b1,2
3246,4d73c1252f,2
3247,b1a89da63c,1
3248,be6a089384,1
3249,93a1b6bbfb,2
3250,2489a8ea9e,1
3251,2fbf66fe84,1
3252,11f7d16a10,2
3253,79d067a6ac,1
3254,f7a821c561,0
3255,20bc3c271c,2
3256,62ab8c7484,1
3257,46bf572009,1
3258,fb1b31883c,1
3259,ba1478e63f,0
3260,e9ecb20c7c,2
3261,68ca4aa704,2
3262,93b0b7ed18,2
3263,5d69ea07c6,2
3264,e1acc3e53d,0
3265,28dd562acd,0
3266,ca07780084,1
3267,38951ca8a4,1
3268,de98cef58b,2
3269,9bf72b96b4,1
3270,8ebe22c030,0
3271,a8d5a978a7,0
3272,794f48ffd2,0
3273,3e78aa7a88,1
3274,5df4825b03,1
3275,f627527b87,1
3276,59c2171b8a,1
3277,6a96496ffa,0
3278,c0f094f47d,1
3279,db0ccd872d,1
3280,10e82e41d4,1
3281,8bc34ff0b7,1
3282,964482cf29,2
3283,9d893ed846,1
3284,709db4f2e2,2
3285,9e03b2035d,2
3286,43e67c7fc8,1
3287,af8855932a,2
3288,e38da917fa,1
3289,a9d3de4212,0
3290,4b185b6af1,1
3291,506168f3e2,1
3292,d8f4d975ba,0
3293,133b52cf85,1
3294,b24d43e12e,2
3295,b44a6adb9c,2
3296,3ced92186a,0
3297,83e24616f7,1
3298,c00e41fb9f,0
3299,345db26351,2
3300,5acc6a531b,2
3301,3e740566dd,0
3302,d0ab866de6,2
3303,2f6e2fe99c,2
3304,b177c7b239,1
3305,40b725f5e0,0
3306,9f963b38f4,1
3307,e32e40565c,0
3308,85c5c47087,2
3309,293f549ae7,0
3310,007ec408cc,2
3311,a130d92915,1
3312,f56b2dc58c,0
3313,d8e786c955,1
3314,d32358d049,2
3315,c5d4a3946d,1
3316,5b9dec91e4,0
3317,7d6e44fa5a,1
3318,6efef21300,0
3319,428c374cc0,2
3320,446119eb58,1
3321,55f650564c,0
3322,13884b99d5,0
3323,ae42ce8b40,2
3324,73af58ad9b,2
3325,bec2299a93,0
3326,96ad4e2754,1
3327,358ad493f2,0
3328,a258174a61,2
3329,0006c49adb,0
3330,b691813f06,0
3331,9fd2e3c30b,0
3332,479fc0e9e9,1
3333,406f14add2,1
3334,5b3386f5d7,1
3335,0a8b114937,2
3336,b63066e130,0
3337,dd5dbb5ecb,1
3338,f2a33ed61a,2
3339,cc4d313261,0
3340,0e38a986fa,1
3341,dff35cbfb9,1
3342,eee9ef09b2,0
3343,59cd7e2072,0
3344,cabd643cb5,0
3345,a345f13729,1
3346,e03e99484d,0
3347,a2c7c2dac0,0
3348,fa76d2cb1c,2
3349,a4540e294c,1
3350,e8486a1816,0
3351,cdb9e63e1e,2
3352,9892ef32ea,1
3353,267ec22f32,1
3354,548ace001f,0
3355,35bff2ebc0,0
3356,7a1aea7b18,0
3357,5cf2b7e72d,2
3358,2c62352868,2
3359,91208de2c3,1
3360,860840e7ab,2
3361,3d9f6bbdab,2
3362,234c556dd1,1
3363,5003c53480,2
3364,5109dd2b34,1
3365,9faff69fb1,2
3366,28fe336c74,1
3367,b305f0ac22,2
3368,237dbc9f71,2
3369,0d70157778,1
3370,f74b64bbae,0
3371,331693d9fd,0
3372,3b0dfe8598,2
3373,255726da56,0
3374,8eb3df0140,2
3375,9ae4b79b30,2
3376,d309dae4d5,2
3377,2c6c205c43,0
3378,62a143e524,1
3379,12c32a3036,2
3380,e7316280ee,1
3381,dd37b2f17c,0
3382,02046da1cc,2
3383,ff4f6b6246,2
3384,e9e3b54cf5,1
3385,35f8ea18b5,1
3386,b915544ac9,0
3387,b175e691d0,1
3388,433d7fff00,2
3389,7eec800c4e,1
3390,c74b440aa4,1
3391,9c4aada449,0
3392,32cf178dcd,0
3393,554797fbb0,1
3394,0af7db9467,0
3395,f464052794,2
3396,206db0e110,1
3397,1f1f5daa15,0
3398,1d23111e05,2
3399,def359f5a4,0
3400,9f9e8d115e,0
3401,54f12a2a5b,2
3402,4b74a8db13,1
3403,2e957158e6,2
3404,c548478675,0
3405,69979cd625,1
3406,3bbee73f22,1
3407,44ba5e3c5f,1
3408,09bc53b3a2,1
3409,485241e47b,0
3410,768e92e526,0
3411,b732314970,2
3412,04c6c01f87,1
3413,906e85fcd3,0
3414,3d4bc76079,0
3415,4cc9f714da,0
3416,606251bab8,0
3417,e79501ad57,2
3418,8e8f49dd59,1
3419,d4a5a012cd,1
3420,36261a57bd,0
3421,e98dc8b9d1,0
3422,82c117dbcc,2
3423,3121df29d6,0
3424,2c5a69302c,2
3425,531ba60386,0
3426,c903b12821,1
3427,9e99bf2bab,1
3428,e261d54010,1
3429,314d0f94e8,1
3430,2977ab679c,1
3431,8dbc556208,0
3432,8c4823168e,2
3433,8259357282,2
3434,c1c8af6b32,2
3435,c2ff62f8f0,1
3436,fbe224c239,2
3437,1b8e5ce514,0
3438,94f47c306f,0
3439,948a686134,0
3440,ede4e2bbcf,1
3441,8e4b7ece8c,2
3442,5d564be56d,0
3443,4d98b56f2d,1
3444,d22790d02e,1
3445,f99eeea8bf,0
3446,e8bc035dc7,0
3447,73cb12e564,1
3448,65de6974d7,0
3449,d8804b774d,1
3450,b57585c6c5,1
3451,eab70d9635,2
3452,58998d2d2c,2
3453,0246551d9c,0
3454,c55077049e,1
3455,795fb70a3b,1
3456,bbfab3584e,2
3457,281e567639,0
3458,d441e5fada,0
3459,8aee0fde52,2
3460,a48a16f5a8,0
3461,1f2e1fa6ed,0
3462,1b69bd80b1,1
3463,402caf2c77,1
3464,e3d09a1ff5,0
3465,6d30b31399,2
3466,a8159ef5b6,1
3467,5643170cc6,1
3468,a1f31804b9,1
3469,a5844edd1e,0
3470,1b45b1b6cf,0
3471,ae78ace23e,1
3472,3e59829b6e,2
3473,649abeab37,1
3474,1cc49f8bd7,2
3475,573cfdd46f,2
3476,b3bf0c4566,2
3477,58e40f653a,2
3478,ea7875e8a6,0
3479,1e130670a2,0
3480,b6d9435ee4,2
3481,86a07a41d8,0
3482,ea3b6f24d9,0
3483,b505f34457,0
3484,80f13c7ff9,2
3485,e40780efe1,1
3486,99c764d455,0
3487,78b2ae2728,1
3488,c882fc3f6e,1
3489,4dd481dcc5,2
3490,5ed16b6f7f,1
3491,d88a776baa,2
3492,4b0949cec5,2
3493,28e4dfb30c,1
3494,5f2ec30200,0
3495,5affcd666a,0
3496,39dec1dc7c,0
3497,e39c7e78ff,1
3498,5608a51e54,0
3499,8a327ad3a8,1
3500,26b271e10b,2
3501,03e6c12bd1,1
3502,d9ff64b6ea,2
3503,082bec9d01,0
3504,109def9a59,0
3505,bab3f8e801,2
3506,7443b28261,2
3507,d05d4aa3b4,1
3508,87a775c3eb,0
3509,39baf804a5,0
3510,88e9c84c6f,2
3511,526b97e3a7,0
3512,566d7a2078,1
3513,55bc9b4cf9,1
3514,cabf03b349,1
3515,c7990d64e9,0
3516,b268f6a664,0
3517,b7de059c09,2
3518,51481c6217,2
3519,1f41375297,0
3520,b17a75ab70,2
3521,f13837dd08,0
3522,907ee9427e,0
3523,83e5c41f3f,0
3524,041e83d123,0
3525,7b4def0815,1
3526,b96ecd0786,1
3527,131fc06111,1
3528,79420155bc,1
3529,7ed2ae3834,0
3530,02de71993c,2
3531,ba440cacf0,2
3532,e737b20217,2
3533,ac7b5a6484,2
3534,760a077e6c,2
3535,c737f4148a,0
3536,55b8d332b8,1
3537,b30e91e7d7,2
3538,7bd5a61ab8,0
3539,6593fcfbff,0
3540,12fe89ea59,0
3541,b0e950b925,1
3542,797b9f7e0c,2
3543,fc914a4daa,0
3544,fb3a5248a6,1
3545,67d7801dd3,2
3546,d99102896e,2
3547,466ab2432d,0
3548,95603299ca,1
3549,6d1d4b2a4b,2
3550,d84e1214f1,2
3551,ab0c289ac6,2
3552,6e63089b84,0
3553,7e4a7e9883,0
3554,4276238b2e,0
3555,18004c31fa,0
3556,08e65df0b6,1
3557,ef70bb9ce0,2
3558,6579eaff5c,1
3559,f01441ffb4,1
3560,778b13e6a1,0
3561,deeaa518d2,0
3562,a9705aa4ee,1
3563,d02daeaaa0,2
3564,727aaca5a4,2
3565,0eb23ff2d7,0
3566,0a9b3e0c4b,1
3567,f6ee3f960a,1
3568,3b6daa7c70,0
3569,2e8686a479,2
3570,b83e1d52fe,0
3571,4101bbdcb1,2
3572,f1953950c0,2
3573,f33f0f74d1,0
3574,a51e8be730,0
3575,2e3b73c709,0
3576,6c7d4bc47c,2
3577,b44d104d97,2
3578,cdd4e14a6d,2
3579,b099670f43,0
3580,3759c152a6,1
3581,ffb4feb8c6,2
3582,e6ec48db29,1
3583,287c74d7c6,2
3584,b54ec72d38,2
3585,e2a11b84e5,0
3586,aeb7162844,2
3587,bdae49f5c7,0
3588,a7f8aec5c1,0
3589,6bfd138f96,2
3590,787fd0f11c,1
3591,9eb2f2cdeb,0
3592,13cab9a4bb,1
3593,177b42f735,0
3594,a199edb8cd,1
3595,8a74b7f478,1
3596,64e99f4c02,0
3597,28b02e3d14,2
3598,3e59da180b,0
3599,773eabb702,0
3600,f0d28d26a3,2
3601,f55a4609f6,1
3602,35ea2f24aa,0
3603,7d0343d658,0
3604,30a3ef8e45,1
3605,b917bc9859,0
3606,2c18662ca4,0
3607,638eb048d1,1
3608,9db553c2f9,1
3609,7d88107353,2
3610,c9fe2b182c,0
3611,b30b98130a,0
3612,d5ad8e979d,0
3613,b73f81d2b2,0
3614,7e5e8debfb,1
3615,3d1e42f994,0
3616,181c533419,2
3617,3e89009ccd,1
3618,87b0323b7a,0
3619,775e56f6ab,2
3620,b6c83a9daf,2
3621,8dbf834e8d,1
3622,7ceb04d31c,1
3623,fe32596569,1
3624,b2e00b319b,1
3625,6ff74185f1,0
3626,d4f3ad53b4,2
3627,1552d356d2,1
3628,eee584a1d5,2
3629,cbda8a94ed,2
3630,a96112cbaa,0
3631,d8023a93c1,0
3632,6486a1c170,1
3633,8c3f2e343b,1
3634,5e13865f5a,2
3635,9f6cec0127,1
3636,7b1fe130f0,2
3637,9a03875eb3,2
3638,29e21b0345,0
3639,5730c3e115,0
3640,0460516571,0
3641,1e98b3410d,1
3642,f8a38d0d49,0
3643,813236ba6c,0
3644,00f23199de,1
3645,dfbbb46a3f,2
3646,d4d00085ca,2
3647,3c5b8fdaec,0
3648,c9eadefe3b,0
3649,779b038e3c,1
3650,463edebcc5,2
3651,a2c894c136,0
3652,7fe0361a82,0
3653,fafce89a4f,0
3654,bd78b44ad5,0
3655,fea74c8f1f,2
3656,1741c02509,1
3657,d36c7a1819,2
3658,8a09f1ce88,1
3659,aa5f97a08a,1
3660,886bab32f7,0
3661,c9ca0123aa,2
3662,a13e70803a,2
3663,4407a30a5f,1
3664,aae7c19be8,0
3665,de0bc88360,0
3666,208e1e53fb,2
3667,26260638a0,1
3668,56c2cc5aeb,0
3669,319358e3de,2
3670,dbdd867f18,0
3671,c5d1acc66a,1
3672,a7bf4c3f07,2
3673,62af966599,0
3674,fc02189331,0
3675,1f68267290,2
3676,be9ae22336,2
3677,96096f8060,0
3678,0a9d4069f1,1
3679,c5974ff704,2
3680,a3ca9ca2a1,2
3681,4f721d4af1,0
3682,d9cfa870c4,1
3683,7b9a524efa,1
3684,25cc420d14,1
3685,5a2c8ac62e,1
3686,7f5add5636,0
3687,5d506b3022,1
3688,000d2358df,0
3689,042ae7706a,1
3690,cd190718e1,0
3691,33121fcfd2,0
3692,8d9b7a6a7c,0
3693,eb8073d25d,2
3694,5a55daa704,2
3695,b24a2f11b2,0
3696,f79a4bfd35,2
3697,4010405695,0
3698,98adde535a,2
3699,1ed3b5decb,1
3700,94acfd3acf,0
3701,835194ea0a,1
3702,be4775d0fe,2
3703,de02137c0a,1
3704,2dda35f564,1
3705,546349a850,0
3706,4f9b5ce989,0
3707,35dfa1e0c6,1
3708,31efd173b5,0
3709,9042cd32e4,0
3710,19a7fc7348,1
3711,3dd8b37c3f,2
3712,1357e7090f,2
3713,d97374f3fc,0
3714,279230949d,1
3715,4160049a94,1
3716,81d6538cab,1
3717,04d78da41d,2
3718,478315d1c3,0
3719,fcd8979172,2
3720,81d6e1733d,0
3721,95e27f021a,0
3722,2c9b4e8786,2
3723,60a9f333c9,0
3724,9430333b7b,1
3725,a7cae48c16,2
3726,2f9607f25b,1
3727,2e908837dd,0
3728,a9604eb0d3,0
3729,d25f6fff9d,1
3730,4e0e5822e6,0
3731,467dc8244e,0
3732,e79a070339,1
3733,2407258db7,1
3734,c852c412e4,1
3735,1e2e046bf6,0
3736,7ed3b520c3,0
3737,a4c559781c,2
3738,6e50b24c21,2
3739,3f02a13ad6,0
3740,135635af1e,0
3741,1a4a3bb7ce,0
3742,a877423f31,2
3743,3364826e47,2
3744,41371909f4,2
3745,3c09e0045b,0
3746,36b66c146b,2
3747,dc5370fbe5,0
3748,80ec419b98,0
3749,876f8b6f14,1
3750,3e4f15bd47,0
3751,4c1ab6c42c,2
3752,b7be48bdd1,0
3753,60f49e7f43,2
3754,145718d6e4,1
3755,49dd566e90,1
3756,bf3ee74039,2
3757,e02fdb9ad5,2
3758,91ff38982d,0
3759,a42683043b,1
3760,cbf7b71110,0
3761,83de8e1f91,1
3762,4d9ba03519,2
3763,b18b12ba97,0
3764,eebe19165d,1
3765,7fbac76832,2
3766,8ecf1961c0,2
3767,db7e8a9646,2
3768,ce420526ca,2
3769,f23ac50bc9,1
3770,002d0f5868,0
3771,ab256fceaa,0
3772,856d2f9e73,1
3773,96f729f8cc,2
3774,34c6810321,1
3775,31d1bfe97e,2
3776,d1b14059f5,1
3777,ab8c5a634d,0
3778,3d900fe9b6,1
3779,933335c482,1
3780,e21cb02f14,0
3781,14527cd3ec,1
3782,578df44c43,0
3783,e40fce09ce,0
3784,fd889b412b,0
3785,efb35177a2,1
3786,4bbb9ca869,2
3787,b69c714e84,1
3788,ea09b6bfcf,1
3789,463846836d,2
3790,f39fb679d2,1
3791,27c4098d95,0
3792,79556edccd,0
3793,d3a03ca7d8,0
3794,ee0848665a,1
3795,c28d8e3622,0
3796,0b0f3e687c,1
3797,9bb455276a,0
3798,76178f6f18,0
3799,86a1433b0b,1
3800,58acc24227,0
3801,96117c1432,0
3802,61b7a38f02,0
3803,a389b84f7e,1
3804,2fbe481e9c,0
3805,f72478e5ae,0
3806,245cd78cc0,0
3807,faac3868f4,0
3808,ece6252459,1
3809,be4f270056,1
3810,80b2e6cb8a,0
3811,1fa6954953,0
3812,b5eb633d39,2
3813,e9b44b8d43,2
3814,ec1058e5ef,2
3815,f603a80033,0
3816,ffc016223a,2
3817,b277adfbec,0
3818,9550466a27,1
3819,5861fdaa82,1
3820,30d525e07c,1
3821,993019f38f,2
3822,8ecd61d750,1
3823,06d3cd1e6e,1
3824,617379203d,1
3825,5b17fc1c42,0
3826,4bd84cbda8,2
3827,3c2890f992,1
3828,b8e080ff53,2
3829,cd36aa9a40,0
3830,e1798e72f8,2
3831,19d687dd11,2
3832,a9d086ba15,1
3833,0dcdcae906,1
3834,22ad9cbe20,2
3835,c24e9f922c,0
3836,ed5ad272aa,2
3837,bcb6fb6d50,2
3838,ad14d50a01,2
3839,4a3dbbd111,1
3840,016dd3a2fd,1
3841,a7a817c9be,0
3842,ad830c18e5,2
3843,8b236f4cdf,1
3844,d0eaf9448f,0
3845,73277ab9be,2
3846,1a9274a9fa,0
3847,ba2806d687,2
3848,4d5e65a435,0
3849,7165f6dcb4,2
3850,8aad2251e9,2
3851,0ea2c223b1,2
3852,795e320205,1
3853,4f42c945e7,1
3854,a8413649f9,2
3855,9422bb86b1,1
3856,855f360475,1
3857,f3d9729b59,0
3858,89d11437cc,2
3859,4e22b30fd3,2
3860,f6cbaece7e,0
3861,0d26711de3,1
3862,778ec123aa,0
3863,b75bacddaa,0
3864,0477a7322e,1
3865,ef8bc60c1a,0
3866,bbd8436c79,0
3867,c8b559e652,0
3868,13ea51a14d,1
3869,5c7e3f4abf,2
3870,154cc5d89c,2
3871,7484ae9302,2
3872,a0030791d8,1
3873,4c08015860,2
3874,6e4cd36586,1
3875,e4a5a1ef6e,1
3876,2045a643a8,1
3877,df7e8069ca,0
3878,84f0cf6848,1
3879,f37f7ba325,1
3880,9bff777abc,2
3881,00430229dc,0
3882,892d2f7f35,0
3883,81e519d46e,0
3884,7b0a15cbe7,1
3885,fe9aa2b120,1
3886,f27539982d,2
3887,ef141adc78,0
3888,2969547cba,0
3889,1a75a4e80c,1
3890,b73eee39e3,1
3891,6e8b939fd5,0
3892,38d045b1a4,0
3893,eb215c1bc0,2
3894,ee9fbfa772,1
3895,39464c5a51,0
3896,5df746cafc,2
3897,fe25640c0c,1
3898,1295771d4d,0
3899,a9c95b7bef,1
3900,b95177aeb6,1
3901,1091d3103d,0
3902,05fa1c26bc,0
3903,d02a3a5a70,2
3904,eca7c283f3,0
3905,ffc9078f40,2
3906,e6d06f2442,0
3907,7b9023e328,2
3908,3927434f1d,2
3909,237c334b78,0
3910,ad85db44bb,1
3911,e5f6cf6d50,1
3912,f1392ce96a,1
3913,34a0028ac0,1
3914,66eab148eb,0
3915,fd5aa63bfc,2
3916,5dc887e456,1
3917,4ef2ce13d8,0
3918,b8ef9a31dd,0
3919,33dd07ec11,2
3920,25c33661f0,0
3921,aeb5bd0824,2
3922,75421e2391,2
3923,16c46d83b3,2
3924,6d836d0c16,2
3925,e18eeb0f3d,0
3926,3d744019cd,2
3927,3b34c7cf8b,1
3928,2d62a208c3,2
3929,79d879da09,1
3930,5583568fea,1
3931,6261649cb0,0
3932,517046eaf2,0
3933,dbc4bb81fa,2
3934,02f0e64310,0
3935,171815fcda,0
3936,29d27befd3,0
3937,3118085055,1
3938,c2af86bbe4,2
3939,e02f2cb1b6,1
3940,e26165abde,2
3941,313d8a7d7f,0
3942,26b9be649e,0
3943,2fe405a5ff,0
3944,a183ecb40b,0
3945,4f0d748044,0
3946,40275a4c7f,1
3947,f115755873,0
3948,54d0007a56,0
3949,f3c8d37d17,2
3950,11b392d831,1
3951,6cdc6aab2c,2
3952,1ab9d6daa3,1
3953,0790b3196f,1
3954,b059907e50,1
3955,1207381a16,0
3956,625435dff6,1
3957,a09c0f58f0,1
3958,cef9e28951,2
3959,e8820ae507,1
3960,7e60b376a0,2
3961,b53ba3eb49,2
3962,13378a725b,0
3963,bf6ca32459,1
3964,0f56eb35a2,1
3965,dd955de353,2
3966,d8940485f8,1
3967,9d2b691e9d,2
3968,eba1ae9c9a,2
3969,c53c61b2e3,0
3970,06f9b00a14,1
3971,efc1bebb43,0
3972,8c61977e1a,2
3973,d76bf5d8f7,2
3974,96d6335aec,2
3975,2db8166251,2
3976,0a2cc81f26,1
3977,482579bc06,1
3978,99d603717a,2
3979,1eb55fd205,1
3980,f40f52fcac,2
3981,4a2c96c46f,0
3982,b5c531c77a,0
3983,902e57d645,2
3984,42d6065cd3,1
3985,6cf491d341,2
3986,afac714091,0
3987,6b3becf532,0
3988,678440a250,1
3989,7db26b7c37,1
3990,4de660616c,2
3991,b94ccb5c9c,2
3992,0f60bdb60e,1
3993,6a7951754a,1
3994,99ce4a8d3d,0
3995,ffcea20a66,1
3996,58ce6aef71,2
3997,743fdb7eb8,1
3998,74a3c5860b,1
3999,ee71ae7d68,0
4000,8c438f66a3,2
4001,0865a6d8e3,1
4002,6566795dcf,0
4003,89f5feeb40,1
4004,b0ff1dd12b,2
4005,5c7e00a4b2,2
4006,21060d118f,0
4007,a3d5d72aaa,2
4008,4f65d19d57,2
4009,6dffb5256e,2
4010,e09de63229,0
4011,9a495bb5fd,0
4012,5da80cc2f6,0
4013,89ec17b705,0
4014,a5ed76e441,0
4015,a0d2d4c0d6,1
4016,9d8ecd70cc,0
4017,570d9a2ea4,2
4018,326007a79e,0
4019,557d34cb76,0
4020,87bb8a239b,0
4021,d32cb905fa,2
4022,89acbe20ab,1
4023,e9f5109863,1
4024,91cecfc279,1
4025,877139f2fb,0
4026,7d29cd1ac8,1
4027,0665f2235b,0
4028,98e6096c69,2
4029,c99b0b9621,1
4030,20ce4cdc8c,0
4031,3517094a17,2
4032,c3e20dd05a,1
4033,43620ab661,0
4034,abb415bfd8,1
4035,9425264056,1
4036,044427e57e,0
4037,0dbc7fc313,1
4038,4d76ff6f90,2
4039,692e38cfa9,1
4040,16b6dc7eae,1
4041,20a63e410c,1
4042,37b538d5a1,0
4043,038f1d4125,2
4044,3088ec714c,1
4045,1893df46d0,1
4046,4954abfae8,1
4047,31c5860338,1
4048,cc605caced,2
4049,f78b93c538,2
4050,a31ab5e6bf,0
4051,d2972c87a6,1
4052,6562572d19,0
4053,4c29728dfd,2
4054,538c8e47c2,0
4055,dd18a47657,2
4056,cebe8fa728,1
4057,177f143f9f,2
4058,5d3e66d02f,0
4059,686cc7bc28,2
4060,5eab7ee190,1
4061,28cf8787cb,2
4062,b46621d4ea,2
4063,953a591318,0
4064,ad2edcc31c,1
4065,513e083ad0,0
4066,6640eda604,0
4067,d2c49fef78,1
4068,88861bfa27,2
4069,13219faf87,2
4070,2f680e28b7,0
4071,9ade7b13c5,0
4072,50b431dfde,1
4073,72723bd379,0
4074,82121def01,2
4075,3aa0ffbeef,0
4076,48a54e3ca4,0
4077,9fa97cce4a,0
4078,9469930e2d,0
4079,41286ee69f,0
4080,ee6ab061f7,0
4081,fca6d2de55,0
4082,89fd014cd1,1
4083,1994b7a35c,1
4084,dcbdd7bdc8,1
4085,3353aedebc,0
4086,07c400a71e,0
4087,b098f6a1b5,2
4088,23c6eeec46,0
4089,f834c61120,1
4090,fa51e08ea5,1
4091,85062066a8,0
4092,c0536b6716,0
4093,0f011b79e8,2
4094,0b6392774c,0
4095,948d5bd74d,1
4096,775f6998e8,0
4097,d78204e22e,1
4098,8e1455ee8d,2
4099,84993e7e20,2
4100,297a90c342,0
4101,40445c38f0,2
4102,034913efa8,1
4103,cc0182912a,1
4104,e2291f2bd5,1
4105,da7a5170f8,0
4106,c1a028afd4,1
4107,924e66e9d7,1
4108,06d518d463,1
4109,ad88f4993d,2
4110,3dfe9df028,1
4111,5b8e581b06,1
4112,0c310c6ae8,0
4113,e66359daa4,2
4114,4efa8d731e,2
4115,ec88e9d225,2
4116,72260b0e43,0
4117,2469a9b69d,0
4118,6560e281ae,2
4119,920621a240,2
4120,a9077bbcd9,1
4121,fe94bdaada,1
4122,eba4cd36e8,0
4123,5765f5b6bb,2
4124,3275a97926,1
4125,9b8fea1fa1,2
4126,cafe3a799d,1
4127,80f477667f,1
4128,250dfc5d57,1
4129,31515f250c,1
4130,517acb08a4,2
4131,fbbace4334,1
4132,1f849c0144,1
4133,ee63dcac0b,2
4134,0d4da5b21c,2
4135,897489dfaf,1
4136,ee616b3a11,2
4137,5c57b8367f,2
4138,1db205fc39,1
4139,fe237e5484,2
4140,eabe043549,1
4141,36ef4bffea,2
4142,a3bc43802d,1
4143,a5b45cd977,0
4144,5ff16d5a1c,0
4145,ba75e793c2,1
4146,1c846b87e3,0
4147,98ffac2c96,0
4148,f516c2232f,0
4149,d3f8985627,0
4150,f427644bbd,2
4151,16b5415a54,1
4152,3e89579cd6,1
4153,8563c6291a,2
4154,aef65d1d1e,2
4155,60d5d4e485,2
4156,86f8bb1f9b,1
4157,882b87cfc2,1
4158,5f3e6c532a,0
4159,70b79d3deb,0
4160,a80d463fef,1
4161,822d81c3e2,0
4162,8f5919a686,1
4163,653b077374,0
4164,720c2c3bbc,0
4165,ebbeefddd0,0
4166,8650bdaf6f,0
4167,efbebc34be,2
4168,d109b1d3de,0
4169,e847cc2836,2
4170,64a38be941,2
4171,534d56b634,1
4172,1b44bc65d2,0
4173,25f94b8dc4,2
4174,af1476ab36,0
4175,12f2531b5f,1
4176,5bfe3eb4e9,0
4177,5a5fc1d045,2
4178,3e5d44ae32,0
4179,a751eb3c40,0
4180,4030f74983,0
4181,108abe48c6,1
4182,cd100797dd,2
4183,4e948d4890,2
4184,7aaad8e667,1
4185,5ba3273e70,1
4186,bf2ea6b70a,0
4187,f78a8c4c20,1
4188,b4b252afde,1
4189,90ec448cd8,0
4190,d0ff2094dd,2
4191,a5256bc66d,1
4192,5b452a2ff9,1
4193,0b04961869,0
4194,0e9e78494e,1
4195,01e151b010,1
4196,f6671ca1df,2
4197,63688ebfa9,2
4198,28e857d37d,2
4199,e6fa85e2b2,2
4200,db7e6e8edc,2
4201,fca5d13c7c,0
4202,835fc78aa7,2
4203,3476c49d6f,2
4204,f93e099221,0
4205,772c9c942c,2
4206,4dd1b7dfa9,0
4207,964ba48c6e,0
4208,4a123388c7,1
4209,6362b66534,0
4210,23beafc540,1
4211,a845f3fbdf,1
4212,5e1d4e3bb5,2
4213,c481699725,2
4214,bfae0709bc,1
4215,768191eed9,1
4216,ae01316a86,1
4217,084af194cd,2
4218,6bbf4c8679,2
4219,1143ee5328,0
4220,0a1214927c,0
4221,8e7642a9df,2
4222,9bac6552fa,1
4223,38ccf82a89,1
4224,730786e2d3,1
4225,7c66293d8c,2
4226,ef61834453,0
4227,5c15bd09d8,0
4228,197102f82e,2
4229,544b112b9e,1
4230,1ada1328c2,0
4231,0437fa5f50,1
4232,eeb633625b,1
4233,08f7495dcb,2
4234,9fd90031fb,1
4235,7b89daf16a,2
4236,360e2f367a,1
4237,c79ad03e9d,0
4238,45566a6df0,2
4239,a901e206fb,1
4240,d5f3cb732e,0
4241,29fa4cd9b6,1
4242,12b6047c94,0
4243,ad3339556d,2
4244,9ee109da31,1
4245,e6089762af,0
4246,dc1c0cd2b9,0
4247,e98acdc195,1
4248,d7fa0fdfc3,2
4249,d34bb8ecf1,1
4250,2121023d52,1
4251,fb1ccf7d3a,1
4252,dd218327cf,1
4253,7496c3199d,1
4254,b5c5316775,2
4255,e43cbfd8b6,1
4256,bd63203660,1
4257,d2aba02c1c,2
4258,a5b75e4fbd,1
4259,09e87d563e,2
4260,f53b71c556,2
4261,84ec0eff48,2
4262,e698094479,1
4263,c006dfab1d,2
4264,aa7dffcb84,2
4265,8f082f55b0,2
4266,5c9ad365e2,0
4267,a8462f5f05,1
4268,a792b8d6d7,2
4269,f3f8577334,1
4270,91591a1765,0
4271,4b4f138d77,2
4272,4b551fec8a,1
4273,8368a77b6d,0
4274,ce47ce9f90,2
4275,8066fc85b7,1
4276,8cedaed77f,1
4277,c58723f7b0,1
4278,b4bcb8233c,1
4279,8adf3b17ce,2
4280,d438c08fe9,1
4281,10b514e6a8,2
4282,465d1df57b,2
4283,3177ff9bdc,1
4284,a50d386503,1
4285,619a5b599e,1
4286,40712a3230,2
4287,e8180fd3d7,0
4288,426391f008,0
4289,ff1821374e,2
4290,5deccb706d,2
4291,02e657d236,0
4292,b96e43c5e5,0
4293,9a4ac3d40f,2
4294,2c07f4b522,1
4295,e79d56d80c,0
4296,7f614fe2da,2
4297,45dd0dfc8e,2
4298,26e6612e59,0
4299,bbd5d9fac9,0
4300,63d563158d,2
4301,57fb0a937d,0
4302,fb61847330,1
4303,3133d8ac09,1
4304,3f01da2160,2
4305,5289d67281,2
4306,0d2765f5f0,0
4307,b09f8beff0,0
4308,090a9e6273,1
4309,8a8a32919c,0
4310,f1a6d0acef,1
4311,ecf8a522e9,1
4312,64573f85e6,0
4313,67adea512b,0
4314,8f5eb5e42f,2
4315,9d19a53ccb,0
4316,241405c3b7,1
4317,69796d5e55,2
4318,2bf8d0740c,0
4319,aea650542c,0
4320,35fa38eb96,2
4321,6baa4ee2ce,0
4322,b5c36e11b6,1
4323,39c41f1709,1
4324,11f4ecc8fb,1
4325,a11dfd1df0,2
4326,d472c467b8,2
4327,7c9a7c8206,0
4328,b64a8f7055,1
4329,e945ad4b47,0
4330,a1e463ae38,1
4331,785b05d8cc,0
4332,05ce2917be,2
4333,7bfdf48677,2
4334,2c2a2ff512,1
4335,3a443a7316,1
4336,545d3c9b0b,1
4337,f2e41e99cb,2
4338,a61f5b5e2d,1
4339,e67f23e35f,2
4340,87adbd7b05,2
4341,ca36403b09,2
4342,f0dc04fc06,2
4343,0a787ba174,1
4344,c3b40c1455,1
4345,8a484a4e72,1
4346,06207f3c4d,0
4347,d8093bb18b,1
4348,e3371faa8b,2
4349,f9c0a031b4,2
4350,d08079179d,0
4351,621d136863,0
4352,b4aca4927a,2
4353,19925445a6,0
4354,df295c35e0,0
4355,79c9190a2c,0
4356,5e0b3aab30,0
4357,61304d2de0,0
4358,dc7e94f891,2
4359,d16e95adc0,2
4360,ad2eef5282,0
4361,ada5242409,1
4362,1e0f551e34,1
4363,7560f09e21,0
4364,6acbf6f42d,1
4365,5d91953b7c,2
4366,509ffb8777,1
4367,d49acea268,2
4368,39fc953b41,0
4369,e2abf48d4b,2
4370,1831488a00,1
4371,d8eeb8f71e,0
4372,6d45b7b528,2
4373,e637764027,1
4374,69caacd23e,2
4375,d0560fe908,0
4376,75c1616ab2,0
4377,5a9f0395b9,2
4378,beffd6b733,1
4379,b5afcb343c,0
4380,fba6f5ed16,0
4381,5ac7a332b2,1
4382,5104944f34,2
4383,b5e9f2a91b,1
4384,123f11845f,1
4385,05d4256fae,0
4386,10955a88bf,2
4387,b6e20852de,2
4388,1eec1c34b7,1
4389,e9fb236db4,1
4390,3b92754f8b,2
4391,f6f4c63d94,1
4392,eeefe63e09,2
4393,038941debd,0
4394,74e1656129,1
4395,46ca00a835,2
4396,97355fedad,2
4397,d074f1ee86,1
4398,258d45487f,0
4399,8b09364b38,2
4400,6fcd0165c1,0
4401,bfc0fef7c0,2
4402,a4f6e7ed83,2
4403,be1c5a8a78,0
4404,ba11af2a5d,0
4405,d49821f0f1,2
4406,e6be268da1,1
4407,91e19939aa,2
4408,edf9f06ec1,2
4409,6d0733ee93,2
4410,5b692d047b,1
4411,a4b4edf27c,1
4412,f958907a81,0
4413,f144490593,0
4414,8d0e34870f,2
4415,c35844424d,2
4416,8a190cbfe1,2
4417,ca01737970,0
4418,f46312f0ac,0
4419,91531e452d,1
4420,ae0048dddc,1
4421,6d56a457d7,0
4422,adb8574ce4,1
4423,dca2c74ea2,2
4424,b83c650904,2
4425,84e7081aaf,0
4426,3fa7a1c5ae,0
4427,9b07048098,2
4428,4e42ce8fa9,0
4429,22667145c8,2
4430,c6d7f11dbc,2
4431,eeb2995d0b,2
4432,f1edbf0a66,1
4433,90ed794c3d,1
4434,c3ee8e475d,2
4435,43a388eb8e,2
4436,b12c50f5ce,0
4437,7dac883880,0
4438,44bfad0bfd,2
4439,749b9c07ad,0
4440,8820375d16,1
4441,466e43a85c,1
4442,966a507150,0
4443,545d4491f9,1
4444,6afa181ca6,1
4445,69ef0216e4,2
4446,0156c2c00e,0
4447,aa757e5e73,1
4448,91e1833bd9,1
4449,1d32529b0e,0
4450,fcc0d0d825,2
4451,38e20b3dbb,0
4452,04ded7e472,2
4453,6840a4ce41,1
4454,85c8fb9252,2
4455,11b8452635,0
4456,82d6a94df6,0
4457,104e002176,1
4458,403bf4dbe7,0
4459,6e016c1214,1
4460,a7ffa44a61,0
4461,8846b46a20,0
4462,95b23854e8,2
4463,07f6fe3531,2
4464,8e6fc1d0e8,2
4465,60aca3d9f2,1
4466,12db87eea1,0
4467,1d8b849ca7,2
4468,2867dd61ed,1
4469,ee77121f96,0
4470,4e9c6d9878,2
4471,b47ee29912,1
4472,eb06cd450c,2
4473,d8d34aebfb,1
4474,a3bcdcc8e5,2
4475,c09d5e2a8c,1
4476,facaed790e,2
4477,3d0b8667de,1
4478,426fc988ca,2
4479,293fd228d5,0
4480,b89485e78d,2
4481,c75af704b5,1
4482,1fe0e6b9b7,2
4483,c48afb9178,1
4484,6cacc66cd3,2
4485,8951608704,0
4486,d6687eb6a8,1
4487,9538f9709f,2
4488,b6dd711143,0
4489,c3eca2d90b,1
4490,8664906c6d,2
4491,b246d33ca9,0
4492,9f9a0816e8,2
4493,a004bbfb8f,0
4494,afe25a8712,0
4495,dd153567e8,2
4496,6b7c55acd4,1
4497,d4d43c3d15,1
4498,fb2bf6e341,0
4499,9a3c7e1150,2
4500,a1e96222f2,1
4501,0f08495392,0
4502,dc2566fc3a,0
4503,aa9aacfe07,0
4504,e62969564d,2
4505,ea98f96e09,2
4506,c99b2de24c,1
4507,a508a485d3,1
4508,6874a8fd29,1
4509,82094736e6,0
4510,0ed0b2183c,2
4511,ae65c5d1be,2
4512,c81a1b8ed1,2
4513,5f5624a18b,1
4514,bc6b6cb824,1
4515,312c2ec549,0
4516,e51cd529ed,0
4517,8b12734672,1
4518,fc94ba8c74,1
4519,f260a7c029,2
4520,06bf58245d,1
4521,348de2abd4,1
4522,ca0b62b584,2
4523,fd829c5589,0
4524,b7eb8520e4,2
4525,7e34a9acd8,1
4526,10081b27c7,0
4527,d02537fa62,0
4528,d290355170,0
4529,fc0c3d460d,1
4530,df7e6e5c97,1
4531,e4955531bd,2
4532,34ba3721b4,2
4533,bb92933ffc,1
4534,e7274df1c8,0
4535,d1bb689fca,0
4536,6db9ece727,1
4537,4dacd11a47,1
4538,2e1ff13b64,0
4539,5d0a13e26f,1
4540,29649a13e1,2
4541,ad80c040a9,0
4542,935dde367e,1
4543,9eacc95ac9,1
4544,3fd6e4c599,2
4545,a1dea9ccc4,0
4546,2cdc1cb553,2
4547,1afeefcd75,0
4548,db8c4f64e6,1
4549,eac6647866,0
4550,e22beade60,1
4551,cbd8dae710,1
4552,a333ac7f5a,1
4553,91c88d9868,1
4554,8ccbd28930,2
4555,e0946459ba,2
4556,35507043b6,1
4557,ae1ec56001,1
4558,c22c30f81a,1
4559,1d78e3ffec,2
4560,be046b1ed5,2
4561,814983d46e,0
4562,b845bc31ff,2
4563,cceae2d8ad,2
4564,729c24e37c,1
4565,ccb8033826,2
4566,6958d33125,2
4567,79c529d6cd,2
4568,921109a819,1
4569,d7ade258c9,1
4570,d480468cbf,1
4571,87baa8baff,0
4572,4072dc2286,0
4573,c4289d5468,0
4574,1a9d5e9d78,2
4575,0741e1bae4,2
4576,c016644965,1
4577,00ffdce6ce,2
4578,fec8d8dc0e,2
4579,076cb3dcd6,2
4580,2f17d9b24f,1
4581,11cbb43d4e,1
4582,4b400c4fc8,0
4583,39ccf0688a,0
4584,4fc9545c73,1
4585,112beab3b8,0
4586,572738e915,0
4587,9d7204d09d,1
4588,7d9e040822,0
4589,c4df65247f,2
4590,795c1656e5,0
4591,c20d7e7736,2
4592,4000a96078,0
4593,9bc2cdea49,1
4594,c6a34c1ea3,2
4595,bcb42819b3,2
4596,8fd7307572,1
4597,876f35ddcb,1
4598,58f4ee61fd,0
4599,c9bb61510d,1
4600,d1c14ab82a,0
4601,810817356f,2
4602,4fa3261856,1
4603,708270b3ec,1
4604,514a1deb71,1
4605,fe74871c3d,2
4606,2eb91986fa,0
4607,2707d8f8fb,0
4608,b383365a6f,1
4609,33f5d78bc2,0
4610,e7ddd26505,0
4611,dfb653d019,0
4612,87b5090e61,2
4613,9d7f4bc970,0
4614,6849aff978,2
4615,e63a7d264c,2
4616,5e41a0d586,2
4617,d359b0fd7e,0
4618,fce3512b32,1
4619,b623cd6b66,1
4620,7da1f9f325,0
4621,d17a2235d3,2
4622,7856826f47,0
4623,5bb94905ac,1
4624,78e1f7e5a8,1
4625,4ac49fa3fd,0
4626,36c8a2fbbd,1
4627,e3934490fd,1
4628,9a953d17bf,1
4629,f719c64bb7,1
4630,a2907215a8,1
4631,8bd5c60b51,2
4632,0271f4358f,2
4633,3263625f20,0
4634,d3a1f4ef02,0
4635,93ec666617,0
4636,030504e3ff,1
4637,7a796e629f,1
4638,36245278b0,1
4639,7ea5d5a014,0
4640,d610a1735f,1
4641,f3154c04c3,0
4642,0a092f069c,0
4643,3f71ec0515,1
4644,0707563d69,0
4645,339e18d3ff,0
4646,25909108a8,1
4647,d42453c46b,0
4648,6ffe7a5602,0
4649,be921b0e13,1
4650,7924f33c2c,2
4651,9f1dc84259,1
4652,d5950f326f,2
4653,ea5415eeb0,0
4654,20a4f0129c,0
4655,e7e5e7b115,0
4656,9bb8d84389,2
4657,dc84a2c251,0
4658,01392be83b,2
4659,7647bdf18a,0
4660,665c985822,1
4661,6a61bae6eb,0
4662,a51e1ac4bf,0
4663,59af1f0a44,2
4664,7f80ceb4f8,1
4665,36a83c82dc,1
4666,967acbd410,2
4667,25cd68fe86,0
4668,7379f4c2e7,1
4669,a31b9893a5,0
4670,4dd7a8a734,1
4671,8d2fb5513b,1
4672,e1ab99f05e,0
4673,21e53aa923,2
4674,6a835d1b77,1
4675,7cafbbeba5,2
4676,a2a6debc74,0
4677,a995500549,0
4678,1657a7202b,1
4679,fd56775748,0
4680,3a91f9bb67,0
4681,42da572974,1
4682,014e662ae0,1
4683,4a72cb5302,0
4684,51f2882db0,2
4685,cc0ca7b48e,2
4686,b7107ea585,1
4687,b34eb2f5ec,0
4688,0807d2ba50,2
4689,dfdbf66e46,1
4690,84780b058d,2
4691,bce10710ee,0
4692,9ab4075e02,0
4693,0fd24f85ca,2
4694,b648a340a3,1
4695,b232a3ac2a,1
4696,e6a3b770e9,0
4697,a38077b180,2
4698,86022b3fda,0
4699,33350c4f90,2
4700,d4a6c87f4b,0
4701,767631a383,1
4702,b2c78dac06,1
4703,fbc627b1b2,2
4704,5097d3e084,0
4705,0958727490,1
4706,df695f0fe2,2
4707,ca7c6061e3,1
4708,a4ada2acfd,1
4709,0042e62a44,0
4710,6f6f57f7de,1
4711,afd75dddae,2
4712,659bc9d7e7,1
4713,e909176898,0
4714,1c9f0c09c3,1
4715,b200eeead5,0
4716,251ca3ad0b,0
4717,9616313865,2
4718,368c7f3d03,2
4719,b1fa6d8004,1
4720,ed59ad113c,0
4721,bc3f95773f,2
4722,bfe756cbca,2
4723,40b28154cf,0
4724,b269c6bfab,0
4725,a7a498af42,1
4726,421a40da11,1
4727,b8498a4468,1
4728,9bbb6184ca,2
4729,7961e2d4bb,1
4730,6fea502f70,0
4731,31ff97b80d,2
4732,f716b969b8,0
4733,cd39b84c20,1
4734,c808a4aea6,0
4735,dbeb8348c7,0
4736,9d6d77687b,2
4737,5689dbc430,1
4738,f57d2b92fe,2
4739,a36d855511,2
4740,24558fc8e3,2
4741,eca1ef9cc8,1
4742,de724dc228,2
4743,1531571ddd,1
4744,ab3f522ee1,1
4745,dbb538d734,0
4746,5a66f010d8,2
4747,536fe41071,2
4748,ae87cabbca,1
4749,3ca04e5834,1
4750,7269633895,1
4751,37dd4a7a8b,0
4752,5749ffc066,0
4753,f4811d6617,2
4754,d73a4c6268,2
4755,91e90b8c74,1
4756,7726c9e830,0
4757,a0510574a2,0
4758,1e5292fb61,2
4759,1b02cdd605,0
4760,62fff464eb,1
4761,bbccd98018,0
4762,faacc6a5fd,0
4763,41c3af4a95,1
4764,9b2d1ed444,0
4765,78288d17d4,1
4766,6c9ae7451f,1
4767,9bb7c55e1c,0
4768,11f5bd6a96,0
4769,2303757bd0,1
4770,f54f2f05eb,1
4771,f9d5731ba5,0
4772,3508ee0005,0
4773,33021e93a4,2
4774,796f6238b1,0
4775,5061969a06,1
4776,d0e72b85fa,1
4777,6c76fec253,1
4778,0df4e7f379,1
4779,d76f779cf5,1
4780,97ec015198,2
4781,e8db0995ec,1
4782,d8743a4a32,0
4783,10b532a2c8,1
4784,a19fa9b83e,1
4785,7b7d76ead9,0
4786,a40c8a5485,2
4787,35e654ecc5,0
4788,5eb220f2fa,2
4789,b7114ef777,0
4790,79bc99a2d4,2
4791,c19ece789d,2
4792,e2427616cb,2
4793,05aa717c2f,0
4794,a535fb768e,2
4795,7db4042c2a,2
4796,04fc331445,2
4797,c01698bc7d,1
4798,915b8eabfd,0
4799,ab7b0531bb,0
4800,8d1e511502,1
4801,035235cadb,2
4802,7f6a4db4e2,1
4803,47262281dc,0
4804,921c2efcce,1
4805,140a660fcb,2
4806,56a05bd642,2
4807,c0360a72e0,1
4808,a738dad578,0
4809,0324cb8b0d,0
4810,69d9676d8d,0
4811,87df131a9b,1
4812,028793df8f,2
4813,55ec507ea7,2
4814,35b7aa02cb,1
4815,cf631ae72a,0
4816,bea3dbec3e,2
4817,4fd94ba0a4,1
4818,883bd95378,2
4819,10a56179d9,1
4820,a6217183e2,0
4821,bc955f3ba4,2
4822,049ef3add0,0
4823,c2dcec977e,0
4824,7db6e6a671,2
4825,2440de3811,1
4826,0c2bbe8f48,1
4827,ba00146e8f,1
4828,71c6fd3ea3,1
4829,07f20b5e44,1
4830,9c3e4e1e79,2
4831,5fd9fa76d8,1
4832,fd1361dcd3,0
4833,a7097d4bcd,2
4834,eef6b893cb,2
4835,57fca95ff7,1
4836,2050128905,2
4837,68a5966fc2,1
4838,fe6896cc1d,2
4839,c7f90a75fd,2
4840,e226accf8b,1
4841,4cc4b73cfb,1
4842,43da5a93ce,0
4843,6517bc8e9e,2
4844,f319b860dc,2
4845,46baf47d7b,1
4846,8fd0f74513,0
4847,e703bf69da,1
4848,d71dbea88f,2
4849,16444ddf6c,0
4850,6d6e909b96,1
4851,df33dbefb0,0
4852,7e15b001cb,1
4853,53ba2bc7ce,2
4854,723955407e,1
4855,61a2e2a4b8,2
4856,9eda2dd4bb,0
4857,0ebaf78fff,1
4858,a02f344be2,1
4859,75c9aaf3a0,2
4860,e491496b7d,1
4861,3cbd1fe797,0
4862,3ccad640d1,0
4863,baa23f3867,0
4864,ca0726a1d6,0
4865,1bf230edec,0
4866,46696a3521,1
4867,45971052b2,2
4868,d959dbfc78,2
4869,a075085425,1
4870,2299ec6426,1
4871,42ca7195a9,0
4872,e6f76695ec,2
4873,3f633deb74,2
4874,7d4e4cb433,0
4875,3c0680345d,1
4876,2d0430343c,1
4877,db51a72f4f,2
4878,b58365e0cc,1
4879,2f26dff025,1
4880,438d6c0cc1,0
4881,d0bea822e2,0
4882,5700951474,0
4883,a907d72d44,0
4884,c418fcec3c,0
4885,986d1f03df,1
4886,db5a874bca,1
4887,1d6bb9e8f3,1
4888,c0903c912b,0
4889,28bf4846d0,2
4890,78c2036ff2,1
4891,54c80f1682,2
4892,4d976d52a9,1
4893,a8d9b922e0,0
4894,d074178155,2
4895,5df236fde3,1
4896,58561149fc,1
4897,8b28faf8ef,2
4898,b9e0d69b38,1
4899,eacacd5caa,1
4900,5ec751e79c,2
4901,c86c61c94e,1
4902,f617811f04,1
4903,279cbe3f50,2
4904,729a7f73e7,0
4905,0cd8ca4d12,2
4906,e12235451b,0
4907,ba8f8c1389,0
4908,25f14465f8,2
4909,f0318253cd,2
4910,d3b6756d78,0
4911,f996c1bf63,2
4912,19166c1b46,2
4913,c4145b04d0,1
4914,4fbde195c3,0
4915,0da03f96ef,1
4916,d65bd6482e,1
4917,178d2e270d,1
4918,26b16510b8,1
4919,41b9b89df8,0
4920,a6128f8fef,1
4921,df3ce54475,0
4922,5c383faee2,2
4923,4ae360d30e,2
4924,46fd1f1e35,0
4925,e83e4e3342,0
4926,00025f94ac,2
4927,49180dc484,2
4928,ed5d0336a1,1
4929,53f3c27813,1
4930,df79c0e400,0
4931,21b58487fc,2
4932,1df73e08c2,1
4933,ccd447d124,1
4934,44503f4dea,1
4935,d7c97ac42a,0
4936,90c7df2c60,1
4937,2d73649c13,0
4938,560cb43f2e,1
4939,9f8c67cfa1,0
4940,f5eabaefc5,0
4941,9418ec4b81,1
4942,67ceb3b3ed,0
4943,33799b9b10,0
4944,d38c8476cb,1
4945,8411bc0b37,2
4946,8a93d1eaa5,0
4947,60a1ef4eba,2
4948,583869942e,1
4949,c74aa8292d,2
4950,4bc72cdce0,0
4951,7e965eed9e,1
4952,b18c41dd46,2
4953,fee93206e2,2
4954,2241c4da8d,1
4955,d8c09bfbb5,2
4956,4caae7be7b,1
4957,1cf073b067,1
4958,ca0b1ac1c5,2
4959,3eca3d1ca7,1
4960,3fa620391a,1
4961,b1cd02de6a,2
4962,a238e4dfdb,2
4963,49d1e9c625,0
4964,a663fdcd8b,1
4965,21737d69d5,1
4966,5f3409560e,2
4967,790d418d61,0
4968,a10f1eb015,1
4969,b9f6d4c4e6,1
4970,a0aaee0398,2
4971,3e6f2dbf10,0
4972,bf5ae9fe20,0
4973,9c1e1da0c1,1
4974,428cc4773b,0
4975,74c6fa3374,0
4976,28a7a11b0f,2
4977,9a6ecb4f74,0
4978,0f2f48683f,0
4979,a906068293,1
4980,f035dd565b,1
4981,527787b6eb,1
4982,0ee2b39f37,0
4983,e5a80ed6ba,0
4984,6a6bf88953,2
4985,d1f3c66466,2
4986,692bf759c0,2
4987,1e22026ac4,1
4988,f14d227593,0
4989,0504a11780,2
4990,d012c91c6a,0
4991,e65275d740,1
4992,d83a2d3292,0
4993,cc3f5c64b4,1
4994,aa03d3563c,0
4995,654bf044b1,2
4996,7646dcc33c,2
4997,0393470806,0
4998,773d171552,0
4999,8cf9db91bf,2
5000,05810dd996,0
5001,10cfd7833a,1
5002,0bb1d024f0,2
5003,10f4ac9d11,1
5004,6f32a69dc3,0
5005,5860d341c1,2
5006,f14649421b,0
5007,36ef24df21,0
5008,ddd65c9ae2,1
5009,b1bc37b7fc,1
5010,9153dfe9ec,1
5011,9174a8a76e,1
5012,b9c533db92,0
5013,21a1d2af87,0
5014,3b844b2968,2
5015,2395d0b146,1
5016,37447a00c3,2
5017,44be410d9f,2
5018,98afa3a83e,2
5019,d43a3e3934,0
5020,dfaefcaba4,1
5021,dfeecc4084,0
5022,010fbe8de7,0
5023,f8c0376278,2
5024,4a85eb4a21,1
5025,822580399c,0
5026,7cf3bcb3ad,1
5027,fc42a72a7f,1
5028,e16357f834,2
5029,118ab1cdc5,0
5030,804fa35caa,2
5031,7cc7006e2f,0
5032,8cfc6abd3e,2
5033,fe4af27a39,2
5034,e0a6b96b41,0
5035,3df1db0d93,0
5036,0e0d816175,1
5037,15006a82b5,0
5038,394b4cae16,2
5039,11eecdaeac,0
5040,4555a7ad62,0
5041,f94bab2537,1
5042,3bb3f53f62,2
5043,99d54a2924,0
5044,c648f64e35,2
5045,74b745c9e1,2
5046,7d6a5b06ba,2
5047,4969299008,2
5048,3db4970b97,1
5049,269c09656d,1
5050,bd1f0fde11,1
5051,c38facfa47,2
5052,138a1b848c,2
5053,3e3dec69f0,2
5054,3c64072ad3,1
5055,9b647511b9,1
5056,2ae93addbd,2
5057,c59fa5fcf5,2
5058,81ea362574,2
5059,4a58542cc6,0
5060,7f62486d2e,1
5061,a735fa3655,0
5062,cefe507c84,1
5063,4c8e9412d5,0
5064,454cf7e29d,1
5065,b939e1a969,0
5066,fffa592db9,0
5067,932defb923,1
5068,61e9b7a9c9,0
5069,7f9ad2c0cc,1
5070,8a8395248b,2
5071,2a9897b3af,2
5072,50be59db8e,2
5073,79dd9030c1,1
5074,f79f708801,0
5075,5a7223ad19,0
5076,1b1529ebd5,1
5077,f2c9dabd05,0
5078,fba50d5651,0
5079,115c392946,1
5080,c35aa5fbfb,0
5081,2ad0c241a9,1
5082,8bb2f9218e,0
5083,f114f01150,0
5084,d92fa7ad6b,1
5085,48654cdc73,1
5086,fa15569545,2
5087,e3a06205f5,0
5088,d0583b9383,2
5089,dae0d1991f,0
5090,9e0ea9ecbc,2
5091,15c485bf8a,0
5092,94731b1381,2
5093,6f0a06a8d7,0
5094,a48b07c49c,2
5095,34cd323b96,1
5096,66ff861614,1
5097,6c3ea6f168,2
5098,8b74d03b53,2
5099,53657af44d,0
5100,dffbf4838b,1
5101,86a70bb411,2
5102,bca27d3121,0
5103,a2cb786540,0
5104,df680f8d6d,1
5105,9cc66f6357,1
5106,c16b4bfcc6,1
5107,349c582f44,0
5108,1965d6702f,1
5109,4d5bdd9edb,1
5110,4e4cf4ce73,0
5111,249b4e1b72,0
5112,278649cee4,1
5113,91e6b8ef31,2
5114,22040d132e,1
5115,0020718207,0
5116,7779da7d79,2
5117,30566ebb33,1
5118,33219a1c83,1
5119,4f44c62c1a,1
5120,7f8298d7b5,1
5121,591b17fe92,2
5122,ea5f461825,1
5123,85b1f780b2,1
5124,47581f9167,2
5125,bf5acb611d,1
5126,30823dc634,1
5127,a9f8674f8c,1
5128,ada79db431,1
5129,2329e19844,2
5130,f573e0b598,1
5131,7a9381dd7c,0
5132,7e42670cad,0
5133,1b545f1829,2
5134,763c163dc4,1
5135,55a54a8f09,1
5136,e19c140461,1
5137,92c2ac6fd0,1
5138,581e9ad249,0
5139,84fb908193,1
5140,b69472800b,0
5141,854d704177,2
5142,f0823b9a42,0
5143,2fdab9fc61,1
5144,07996277a8,0
5145,ef20b8529b,1
5146,afa34dcf58,1
5147,e4f1debbf5,1
5148,2be1dc12f3,2
5149,05ca315962,1
5150,9625e3bf5e,0
5151,d08782fd15,1
5152,ad323f2331,1
5153,1d65bc3cb4,1
5154,109b507fc7,0
5155,87f1e81029,1
5156,9156ebd727,2
5157,836d568e81,0
5158,9615270b71,2
5159,c3944fb307,1
5160,f3849341cb,0
5161,4ac6c8c846,1
5162,bfae26dd69,2
5163,975dded02f,0
5164,4c5dfd24cc,1
5165,2f1df5078a,2
5166,c78ba78eae,0
5167,dd0955f700,1
5168,a7f39709c3,1
5169,f789ca57cb,0
5170,4decd5bac2,1
5171,5a491bed1c,2
5172,87f61f6b3d,1
5173,5415773321,1
5174,f7577cfcb4,2
5175,d874aa1893,2
5176,c2597b0c93,1
5177,a5dd99afef,0
5178,f1edc81e7d,0
5179,919effe64f,1
5180,88f9396708,1
5181,7dd65166e6,0
5182,0b66ee4a37,1
5183,eff2c60e97,1
5184,7618dd5a26,1
5185,d349fe8ab4,0
5186,0242fd3023,0
5187,c2e4b293bf,1
5188,3189b0ae29,2
5189,f88b84f4e1,0
5190,5f90dd59b0,0
5191,f357a04e86,1
5192,1f0ea92118,0
5193,0407b48afb,0
5194,16c2f2ab89,2
